route_code,direction,stop_sequence,stop_code,stop_name
213,Gurugram Bus Stand → Gairatpur Bas Village,1,STOP_GURUGRAM_BUS_STAND,Gurugram Bus Stand
213,Gurugram Bus Stand → Gairatpur Bas Village,2,STOP_CIVIL_HOSPITAL,Civil Hospital
213,Gurugram Bus Stand → Gairatpur Bas Village,3,STOP_KAMLA_NEHRU_PARK,Kamla Nehru Park
213,Gurugram Bus Stand → Gairatpur Bas Village,4,STOP_COMMISSIONER_OF_POLICE_OFFICE_SCERT_HARYANA,Commissioner of Police Office /SCERT Haryana
213,Gurugram Bus Stand → Gairatpur Bas Village,5,STOP_DISTRICT_SECRETARIAT_COURT_COMPLEX_B_AND_R_REST_HOUSE,District Secretariat Court Complex / B and R Rest House
213,Gurugram Bus Stand → Gairatpur Bas Village,6,STOP_RAJIV_CHOWK,Rajiv Chowk
213,Gurugram Bus Stand → Gairatpur Bas Village,7,STOP_TAU_DEVI_LAL_SPORTS_COMPLEX,Tau Devi Lal Sports Complex
213,Gurugram Bus Stand → Gairatpur Bas Village,8,STOP_ISLAMPUR_VILLAGE,ISLAMPUR VILLAGE
213,Gurugram Bus Stand → Gairatpur Bas Village,9,STOP_SUBHASH_CHOWK,Subhash Chowk
213,Gurugram Bus Stand → Gairatpur Bas Village,10,STOP_MALIBU_TOWN,Malibu Town
213,Gurugram Bus Stand → Gairatpur Bas Village,11,STOP_SECTOR_48_49_SOUTH_CITY_II,"Sector - 48/49 , South City II"
213,Gurugram Bus Stand → Gairatpur Bas Village,12,STOP_CD_CHOWK,CD Chowk
213,Gurugram Bus Stand → Gairatpur Bas Village,13,STOP_SHAHEED_UDHAM_SINGH_CHOWK,Shaheed Udham Singh Chowk
213,Gurugram Bus Stand → Gairatpur Bas Village,14,STOP_POLICE_CHOWKI_BADASHAPUR,Police Chowki Badashapur
213,Gurugram Bus Stand → Gairatpur Bas Village,15,STOP_NURPUR_VILLAGE_MODE,Nurpur Village Mode
213,Gurugram Bus Stand → Gairatpur Bas Village,16,STOP_SAKATPUR_VILLAGE_MODE,Sakatpur Village Mode
213,Gurugram Bus Stand → Gairatpur Bas Village,17,STOP_AKLIMPUR_VILLAGE,Aklimpur Village
213,Gurugram Bus Stand → Gairatpur Bas Village,18,STOP_TIKLI_VILLAGE,Tikli Village
213,Gurugram Bus Stand → Gairatpur Bas Village,19,STOP_GOVT_SCHOOL_TIKLI_VILLAGE,Govt. School Tikli Village
213,Gurugram Bus Stand → Gairatpur Bas Village,20,STOP_GAIRATPUR_BAS_VILLAGE,Gairatpur Bas Village
213,Gairatpur Bas Village → Gurugram Bus Stand,1,STOP_GAIRATPUR_BAS_VILLAGE,Gairatpur Bas Village
213,Gairatpur Bas Village → Gurugram Bus Stand,2,STOP_GOVT_SCHOOL_TIKLI_VILLAGE,Govt. School Tikli Village
213,Gairatpur Bas Village → Gurugram Bus Stand,3,STOP_TIKLI_VILLAGE,Tikli Village
213,Gairatpur Bas Village → Gurugram Bus Stand,4,STOP_AKLIMPUR_VILLAGE,Aklimpur Village
213,Gairatpur Bas Village → Gurugram Bus Stand,5,STOP_SAKATPUR_VILLAGE_MODE,Sakatpur Village Mode
213,Gairatpur Bas Village → Gurugram Bus Stand,6,STOP_NURPUR_VILLAGE_MODE,Nurpur Village Mode
213,Gairatpur Bas Village → Gurugram Bus Stand,7,STOP_POLICE_CHOWKI_BADASHAPUR,Police Chowki Badashapur
213,Gairatpur Bas Village → Gurugram Bus Stand,8,STOP_SHAHEED_UDHAM_SINGH_CHOWK,Shaheed Udham Singh Chowk
213,Gairatpur Bas Village → Gurugram Bus Stand,9,STOP_CD_CHOWK,CD Chowk
213,Gairatpur Bas Village → Gurugram Bus Stand,10,STOP_SECTOR_48_49_SOUTH_CITY_II,"Sector - 48/49 , South City II"
213,Gairatpur Bas Village → Gurugram Bus Stand,11,STOP_MALIBU_TOWN,Malibu Town
213,Gairatpur Bas Village → Gurugram Bus Stand,12,STOP_SUBHASH_CHOWK,Subhash Chowk
213,Gairatpur Bas Village → Gurugram Bus Stand,13,STOP_ISLAMPUR_VILLAGE,ISLAMPUR VILLAGE
213,Gairatpur Bas Village → Gurugram Bus Stand,14,STOP_TAU_DEVI_LAL_SPORTS_COMPLEX,Tau Devi Lal Sports Complex
213,Gairatpur Bas Village → Gurugram Bus Stand,15,STOP_RAJIV_CHOWK,Rajiv Chowk
213,Gairatpur Bas Village → Gurugram Bus Stand,16,STOP_DISTRICT_SECRETARIAT_COURT_COMPLEX_B_AND_R_REST_HOUSE,District Secretariat Court Complex / B and R Rest House
213,Gairatpur Bas Village → Gurugram Bus Stand,17,STOP_COMMISSIONER_OF_POLICE_OFFICE_SCERT_HARYANA,Commissioner of Police Office /SCERT Haryana
213,Gairatpur Bas Village → Gurugram Bus Stand,18,STOP_KAMLA_NEHRU_PARK,Kamla Nehru Park
213,Gairatpur Bas Village → Gurugram Bus Stand,19,STOP_CIVIL_HOSPITAL,Civil Hospital
213,Gairatpur Bas Village → Gurugram Bus Stand,20,STOP_GURUGRAM_BUS_STAND,Gurugram Bus Stand
903,Badarpur Border → Ballabgarh Bus Stand,1,STOP_BADARPUR_BORDER,Badarpur Border
903,Badarpur Border → Ballabgarh Bus Stand,2,STOP_SARAI_METRO_STATION,Sarai Metro Station
903,Badarpur Border → Ballabgarh Bus Stand,3,STOP_SARAI_KHAWAJA,Sarai Khawaja
903,Badarpur Border → Ballabgarh Bus Stand,4,STOP_NHPC_CHOWK,NHPC Chowk
903,Badarpur Border → Ballabgarh Bus Stand,5,STOP_NHPC_METRO_STATION,NHPC Metro Station
903,Badarpur Border → Ballabgarh Bus Stand,6,STOP_MEWLA_MAHARAJPUR_METRO_STATION,Mewla Maharajpur Metro Station
903,Badarpur Border → Ballabgarh Bus Stand,7,STOP_SECTOR_30_31,Sector- 30/31
903,Badarpur Border → Ballabgarh Bus Stand,8,STOP_SECTOR_28_METRO_STATION,Sector-28 Metro Station
903,Badarpur Border → Ballabgarh Bus Stand,9,STOP_BADKHAL_MOD_FLYOVER,Badkhal Mod Flyover
903,Badarpur Border → Ballabgarh Bus Stand,10,STOP_BADKHAL_MOD_METRO_STATION,Badkhal Mod Metro Station
903,Badarpur Border → Ballabgarh Bus Stand,11,STOP_RAJENDRA_COLONY_SECTOR_28,Rajendra Colony Sector-28
903,Badarpur Border → Ballabgarh Bus Stand,12,STOP_FARIDABAD_OLD_METRO_STATION,Faridabad Old Metro Station
903,Badarpur Border → Ballabgarh Bus Stand,13,STOP_SECTOR_16A_SECTOR_15_MOD,Sector-16A/ Sector- 15 Mod
903,Badarpur Border → Ballabgarh Bus Stand,14,STOP_NEELAM_CHOWK_AJRONDA_METRO_STATION,Neelam Chowk Ajronda Metro Station
903,Badarpur Border → Ballabgarh Bus Stand,15,STOP_AJRONDA_CHOWK,Ajronda Chowk
903,Badarpur Border → Ballabgarh Bus Stand,16,STOP_BATA_CHOWK_METRO_STATION,Bata Chowk Metro Station
903,Badarpur Border → Ballabgarh Bus Stand,17,STOP_BATA_CHOWK,Bata Chowk
903,Badarpur Border → Ballabgarh Bus Stand,18,STOP_ESCORTS_MUJESAR_J_C_BOSE_UNIVERSITY_OF_S_AND_T_YMCA_CHOWK,Escorts Mujesar/J.C. Bose University of S and T/YMCA Chowk
903,Badarpur Border → Ballabgarh Bus Stand,19,STOP_SANT_SURDAS_SIHI_NCB_COLONY_GOOD_YEAR_CHOWK,"Sant Surdas, Sihi (NCB Colony)/ Good Year Chowk"
903,Badarpur Border → Ballabgarh Bus Stand,20,STOP_RAJIV_ENCLAVE_SECTOR_5,"Rajiv Enclave, Sector 5"
903,Badarpur Border → Ballabgarh Bus Stand,21,STOP_BALLABGARH_BUS_STAND,Ballabgarh Bus Stand
903,Ballabgarh Bus Stand → Badarpur Border,1,STOP_BALLABGARH_BUS_STAND,Ballabgarh Bus Stand
903,Ballabgarh Bus Stand → Badarpur Border,2,STOP_RAJIV_ENCLAVE_SECTOR_5,"Rajiv Enclave, Sector 5"
903,Ballabgarh Bus Stand → Badarpur Border,3,STOP_SANT_SURDAS_SIHI_NCB_COLONY_GOOD_YEAR_CHOWK,"Sant Surdas, Sihi (NCB Colony)/ Good Year Chowk"
903,Ballabgarh Bus Stand → Badarpur Border,4,STOP_ESCORTS_MUJESAR_J_C_BOSE_UNIVERSITY_OF_S_AND_T_YMCA_CHOWK,Escorts Mujesar/J.C. Bose University of S and T/YMCA Chowk
903,Ballabgarh Bus Stand → Badarpur Border,5,STOP_BATA_CHOWK,Bata Chowk
903,Ballabgarh Bus Stand → Badarpur Border,6,STOP_BATA_CHOWK_METRO_STATION,Bata Chowk Metro Station
903,Ballabgarh Bus Stand → Badarpur Border,7,STOP_AJRONDA_CHOWK,Ajronda Chowk
903,Ballabgarh Bus Stand → Badarpur Border,8,STOP_NEELAM_CHOWK_AJRONDA_METRO_STATION,Neelam Chowk Ajronda Metro Station
903,Ballabgarh Bus Stand → Badarpur Border,9,STOP_SECTOR_16A_SECTOR_15_MOD,Sector-16A/ Sector- 15 Mod
903,Ballabgarh Bus Stand → Badarpur Border,10,STOP_FARIDABAD_OLD_METRO_STATION,Faridabad Old Metro Station
903,Ballabgarh Bus Stand → Badarpur Border,11,STOP_RAJENDRA_COLONY_SECTOR_28,Rajendra Colony Sector-28
903,Ballabgarh Bus Stand → Badarpur Border,12,STOP_BADKHAL_MOD_METRO_STATION,Badkhal Mod Metro Station
903,Ballabgarh Bus Stand → Badarpur Border,13,STOP_BADKHAL_MOD_FLYOVER,Badkhal Mod Flyover
903,Ballabgarh Bus Stand → Badarpur Border,14,STOP_SECTOR_28_METRO_STATION,Sector-28 Metro Station
903,Ballabgarh Bus Stand → Badarpur Border,15,STOP_SECTOR_30_31,Sector- 30/31
903,Ballabgarh Bus Stand → Badarpur Border,16,STOP_MEWLA_MAHARAJPUR_METRO_STATION,Mewla Maharajpur Metro Station
903,Ballabgarh Bus Stand → Badarpur Border,17,STOP_NHPC_METRO_STATION,NHPC Metro Station
903,Ballabgarh Bus Stand → Badarpur Border,18,STOP_NHPC_CHOWK,NHPC Chowk
903,Ballabgarh Bus Stand → Badarpur Border,19,STOP_SARAI_KHAWAJA,Sarai Khawaja
903,Ballabgarh Bus Stand → Badarpur Border,20,STOP_SARAI_METRO_STATION,Sarai Metro Station
903,Ballabgarh Bus Stand → Badarpur Border,21,STOP_BADARPUR_BORDER,Badarpur Border
904,Ballabgarh Bus Stand → Badarpur Border,1,STOP_BALLABGARH_BUS_STAND,Ballabgarh Bus Stand
904,Ballabgarh Bus Stand → Badarpur Border,2,STOP_GOVT_GIRLS_SCHOOL_SHYAM_COLONY,"Govt. Girls School, Shyam Colony"
904,Ballabgarh Bus Stand → Badarpur Border,3,STOP_SECTOR_3,Sector -3
904,Ballabgarh Bus Stand → Badarpur Border,4,STOP_NTPC_CHOWK,NTPC Chowk
904,Ballabgarh Bus Stand → Badarpur Border,5,STOP_GOODYEAR_MOD,Goodyear Mod
904,Ballabgarh Bus Stand → Badarpur Border,6,STOP_SECTOR_8_MOD,Sector - 8 Mod
904,Ballabgarh Bus Stand → Badarpur Border,7,STOP_SARVODAYA_CHOWK,Sarvodaya chowk
904,Ballabgarh Bus Stand → Badarpur Border,8,STOP_SECTOR_9,Sector - 9
904,Ballabgarh Bus Stand → Badarpur Border,9,STOP_SECTOR_14_15_BPTP,Sector-14/15 BPTP
904,Ballabgarh Bus Stand → Badarpur Border,10,STOP_SECTOR_14,Sector-14
904,Ballabgarh Bus Stand → Badarpur Border,11,STOP_SECTOR_17_ROSE_GARDEN,Sector- 17 Rose Garden
904,Ballabgarh Bus Stand → Badarpur Border,12,STOP_SECTOR_17,Sector-17
904,Ballabgarh Bus Stand → Badarpur Border,13,STOP_KHERI_PUL_CHOWK,Kheri Pul Chowk
904,Ballabgarh Bus Stand → Badarpur Border,14,STOP_SECTOR_28_29,Sector-28/29
904,Ballabgarh Bus Stand → Badarpur Border,15,STOP_SECTOR_33_POLICE_LINE_ROAD,Sector-33 Police Line Road
904,Ballabgarh Bus Stand → Badarpur Border,16,STOP_SECTOR_30_INDRAPRASTHA_COLONY_AITMADPUR,Sector- 30 Indraprastha Colony/ Aitmadpur
904,Ballabgarh Bus Stand → Badarpur Border,17,STOP_NHPC,NHPC
904,Ballabgarh Bus Stand → Badarpur Border,18,STOP_SECTOR_36_BABA_SURDAS_CHOWK_PALLA_CHOWK,Sector- 36 /Baba Surdas Chowk/Palla Chowk
904,Ballabgarh Bus Stand → Badarpur Border,19,STOP_SECTOR_37,Sector -37
904,Ballabgarh Bus Stand → Badarpur Border,20,STOP_SECTOR_37_BLOCK_D_TIKONA_PARK,"Sector-37, Block- D/ Tikona Park"
904,Ballabgarh Bus Stand → Badarpur Border,21,STOP_BADARPUR_BORDER,Badarpur Border
904,Badarpur Border → Ballabgarh Bus Stand,1,STOP_BADARPUR_BORDER,Badarpur Border
904,Badarpur Border → Ballabgarh Bus Stand,2,STOP_SECTOR_37_BLOCK_D_TIKONA_PARK,"Sector-37, Block- D/ Tikona Park"
904,Badarpur Border → Ballabgarh Bus Stand,3,STOP_SECTOR_37,Sector -37
904,Badarpur Border → Ballabgarh Bus Stand,4,STOP_SECTOR_36_BABA_SURDAS_CHOWK_PALLA_CHOWK,Sector- 36 /Baba Surdas Chowk/Palla Chowk
904,Badarpur Border → Ballabgarh Bus Stand,5,STOP_NHPC,NHPC
904,Badarpur Border → Ballabgarh Bus Stand,6,STOP_SECTOR_30_INDRAPRASTHA_COLONY_AITMADPUR,Sector- 30 Indraprastha Colony/ Aitmadpur
904,Badarpur Border → Ballabgarh Bus Stand,7,STOP_SECTOR_33_POLICE_LINE_ROAD,Sector-33 Police Line Road
904,Badarpur Border → Ballabgarh Bus Stand,8,STOP_SECTOR_28_29,Sector-28/29
904,Badarpur Border → Ballabgarh Bus Stand,9,STOP_KHERI_PUL_CHOWK,Kheri Pul Chowk
904,Badarpur Border → Ballabgarh Bus Stand,10,STOP_SECTOR_17,Sector-17
904,Badarpur Border → Ballabgarh Bus Stand,11,STOP_SECTOR_17_ROSE_GARDEN,Sector- 17 Rose Garden
904,Badarpur Border → Ballabgarh Bus Stand,12,STOP_SECTOR_14,Sector-14
904,Badarpur Border → Ballabgarh Bus Stand,13,STOP_SECTOR_14_15_BPTP,Sector-14/15 BPTP
904,Badarpur Border → Ballabgarh Bus Stand,14,STOP_SECTOR_9,Sector - 9
904,Badarpur Border → Ballabgarh Bus Stand,15,STOP_SARVODAYA_CHOWK,Sarvodaya chowk
904,Badarpur Border → Ballabgarh Bus Stand,16,STOP_SECTOR_8_MOD,Sector - 8 Mod
904,Badarpur Border → Ballabgarh Bus Stand,17,STOP_GOODYEAR_MOD,Goodyear Mod
904,Badarpur Border → Ballabgarh Bus Stand,18,STOP_NTPC_CHOWK,NTPC Chowk
904,Badarpur Border → Ballabgarh Bus Stand,19,STOP_SECTOR_3,Sector -3
904,Badarpur Border → Ballabgarh Bus Stand,20,STOP_GOVT_GIRLS_SCHOOL_SHYAM_COLONY,"Govt. Girls School, Shyam Colony"
904,Badarpur Border → Ballabgarh Bus Stand,21,STOP_BALLABGARH_BUS_STAND,Ballabgarh Bus Stand
905A,"Badarpur Border → Rajpur Kalan, SAI Electricals",1,STOP_BADARPUR_BORDER,Badarpur Border
905A,"Badarpur Border → Rajpur Kalan, SAI Electricals",2,STOP_SARAI_METRO_STATION,Sarai Metro Station
905A,"Badarpur Border → Rajpur Kalan, SAI Electricals",3,STOP_SARAI_KHAWAJA,Sarai Khawaja
905A,"Badarpur Border → Rajpur Kalan, SAI Electricals",4,STOP_NHPC_CHOWK,NHPC Chowk
905A,"Badarpur Border → Rajpur Kalan, SAI Electricals",5,STOP_NHPC_METRO_STATION,NHPC Metro Station
905A,"Badarpur Border → Rajpur Kalan, SAI Electricals",6,STOP_SECTOR_30_31,Sector- 30/31
905A,"Badarpur Border → Rajpur Kalan, SAI Electricals",7,STOP_SECTOR_28_METRO_STATION,Sector-28 Metro Station
905A,"Badarpur Border → Rajpur Kalan, SAI Electricals",8,STOP_BADKHAL_MOD_FLYOVER,Badkhal Mod Flyover
905A,"Badarpur Border → Rajpur Kalan, SAI Electricals",9,STOP_SECTOR_28_29_CHOWK,Sector 28/29 Chowk
905A,"Badarpur Border → Rajpur Kalan, SAI Electricals",10,STOP_SECTOR_28_29,Sector-28/29
905A,"Badarpur Border → Rajpur Kalan, SAI Electricals",11,STOP_MAWAI_VILLAGE,Mawai Village
905A,"Badarpur Border → Rajpur Kalan, SAI Electricals",12,STOP_JEEVAN_NAGAR,Jeevan Nagar
905A,"Badarpur Border → Rajpur Kalan, SAI Electricals",13,STOP_WAZIRPUR_VILLAGE,Wazirpur Village
905A,"Badarpur Border → Rajpur Kalan, SAI Electricals",14,STOP_SECTOR_88_89_TIKAWALI_VILLAGE_MOD,Sector 88-89/Tikawali village Mod
905A,"Badarpur Border → Rajpur Kalan, SAI Electricals",15,STOP_AMRITA_HOSPITAL_GATE_NO1,Amrita Hospital Gate No1
905A,"Badarpur Border → Rajpur Kalan, SAI Electricals",16,STOP_TIKAWALI,Tikawali
905A,"Badarpur Border → Rajpur Kalan, SAI Electricals",17,STOP_SECTOR_97_FARIDABAD,"Sector 97,Faridabad"
905A,"Badarpur Border → Rajpur Kalan, SAI Electricals",18,STOP_BHUPANI_MOD,Bhupani Mod
905A,"Badarpur Border → Rajpur Kalan, SAI Electricals",19,STOP_VIDSAN_CHARTERHOUSE,Vidsan Charterhouse
905A,"Badarpur Border → Rajpur Kalan, SAI Electricals",20,STOP_NACHOLI_VILLAGE,Nacholi Village
905A,"Badarpur Border → Rajpur Kalan, SAI Electricals",21,STOP_LINGAYAS_VIDYAPEETH,Lingayas Vidyapeeth
905A,"Badarpur Border → Rajpur Kalan, SAI Electricals",22,STOP_KANWARA_VILLAGE_MOD,Kanwara village Mod
905A,"Badarpur Border → Rajpur Kalan, SAI Electricals",23,STOP_KANWARA_VILLAGE,Kanwara Village
905A,"Badarpur Border → Rajpur Kalan, SAI Electricals",24,STOP_DUNGARPUR_VILLAGE,Dungarpur Village
905A,"Badarpur Border → Rajpur Kalan, SAI Electricals",25,STOP_RAJPUR_KALAN_SAI_ELECTRICALS,"Rajpur Kalan, SAI Electricals"
905A,"Rajpur Kalan, SAI Electricals → Badarpur Border",1,STOP_RAJPUR_KALAN_SAI_ELECTRICALS,"Rajpur Kalan, SAI Electricals"
905A,"Rajpur Kalan, SAI Electricals → Badarpur Border",2,STOP_DUNGARPUR_VILLAGE,Dungarpur Village
905A,"Rajpur Kalan, SAI Electricals → Badarpur Border",3,STOP_KANWARA_VILLAGE,Kanwara Village
905A,"Rajpur Kalan, SAI Electricals → Badarpur Border",4,STOP_KANWARA_VILLAGE_MOD,Kanwara village Mod
905A,"Rajpur Kalan, SAI Electricals → Badarpur Border",5,STOP_LINGAYAS_VIDYAPEETH,Lingayas Vidyapeeth
905A,"Rajpur Kalan, SAI Electricals → Badarpur Border",6,STOP_NACHOLI_VILLAGE,Nacholi Village
905A,"Rajpur Kalan, SAI Electricals → Badarpur Border",7,STOP_VIDSAN_CHARTERHOUSE,Vidsan Charterhouse
905A,"Rajpur Kalan, SAI Electricals → Badarpur Border",8,STOP_BHUPANI_MOD,Bhupani Mod
905A,"Rajpur Kalan, SAI Electricals → Badarpur Border",9,STOP_SECTOR_97_FARIDABAD,"Sector 97,Faridabad"
905A,"Rajpur Kalan, SAI Electricals → Badarpur Border",10,STOP_TIKAWALI,Tikawali
905A,"Rajpur Kalan, SAI Electricals → Badarpur Border",11,STOP_AMRITA_HOSPITAL_GATE_NO1,Amrita Hospital Gate No1
905A,"Rajpur Kalan, SAI Electricals → Badarpur Border",12,STOP_SECTOR_88_89_TIKAWALI_VILLAGE_MOD,Sector 88-89/Tikawali village Mod
905A,"Rajpur Kalan, SAI Electricals → Badarpur Border",13,STOP_WAZIRPUR_VILLAGE,Wazirpur Village
905A,"Rajpur Kalan, SAI Electricals → Badarpur Border",14,STOP_JEEVAN_NAGAR,Jeevan Nagar
905A,"Rajpur Kalan, SAI Electricals → Badarpur Border",15,STOP_MAWAI_VILLAGE,Mawai Village
905A,"Rajpur Kalan, SAI Electricals → Badarpur Border",16,STOP_SECTOR_28_29,Sector-28/29
905A,"Rajpur Kalan, SAI Electricals → Badarpur Border",17,STOP_SECTOR_28_29_CHOWK,Sector 28/29 Chowk
905A,"Rajpur Kalan, SAI Electricals → Badarpur Border",18,STOP_BADKHAL_MOD_FLYOVER,Badkhal Mod Flyover
905A,"Rajpur Kalan, SAI Electricals → Badarpur Border",19,STOP_SECTOR_28_METRO_STATION,Sector-28 Metro Station
905A,"Rajpur Kalan, SAI Electricals → Badarpur Border",20,STOP_SECTOR_30_31,Sector- 30/31
905A,"Rajpur Kalan, SAI Electricals → Badarpur Border",21,STOP_NHPC_METRO_STATION,NHPC Metro Station
905A,"Rajpur Kalan, SAI Electricals → Badarpur Border",22,STOP_NHPC_CHOWK,NHPC Chowk
905A,"Rajpur Kalan, SAI Electricals → Badarpur Border",23,STOP_SARAI_KHAWAJA,Sarai Khawaja
905A,"Rajpur Kalan, SAI Electricals → Badarpur Border",24,STOP_SARAI_METRO_STATION,Sarai Metro Station
905A,"Rajpur Kalan, SAI Electricals → Badarpur Border",25,STOP_BADARPUR_BORDER,Badarpur Border
909,Ballabgarh Bus Stand → Majhawali Village,1,STOP_BALLABGARH_BUS_STAND,Ballabgarh Bus Stand
909,Ballabgarh Bus Stand → Majhawali Village,2,STOP_GOVT_GIRLS_SCHOOL_SHYAM_COLONY,"Govt. Girls School, Shyam Colony"
909,Ballabgarh Bus Stand → Majhawali Village,3,STOP_SECTOR_3,Sector -3
909,Ballabgarh Bus Stand → Majhawali Village,4,STOP_MUJERI_MOD_MIRZAPUR_SECTOR_74,"Mujeri Mod,Mirzapur Sector 74"
909,Ballabgarh Bus Stand → Majhawali Village,5,STOP_NTPC_FARIDABAD,"NTPC, Faridabad"
909,Ballabgarh Bus Stand → Majhawali Village,6,STOP_DISTRICT_PRISON_FARIDABAD_POST_OFFICE,District Prison Faridabad/ Post Office
909,Ballabgarh Bus Stand → Majhawali Village,7,STOP_NEEMKA_MOD,Neemka Mod
909,Ballabgarh Bus Stand → Majhawali Village,8,STOP_GOVT_HOSPITAL_TIGAON,"Govt. Hospital,Tigaon"
909,Ballabgarh Bus Stand → Majhawali Village,9,STOP_CHANDER_MAL_CHOWK_BLOCK_DEV_AND_PANCHAYAT_OFFICER_TIGAON,"Chander Mal Chowk/Block Dev. and Panchayat Officer, Tigaon"
909,Ballabgarh Bus Stand → Majhawali Village,10,STOP_PUNJAB_NATIONAL_BANK_TIGAON,"Punjab National Bank, Tigaon"
909,Ballabgarh Bus Stand → Majhawali Village,11,STOP_MANDHAWALI_BHAINSRAWALI_MOD,Mandhawali /Bhainsrawali Mod
909,Ballabgarh Bus Stand → Majhawali Village,12,STOP_LEHDOLA_VILLAGE,Lehdola village
909,Ballabgarh Bus Stand → Majhawali Village,13,STOP_VIDHYASAGAR_INTERNATIONAL_SCHOOL_SD_GROUP_OF_INSTITUTION,Vidhyasagar international school /SD Group of Institution
909,Ballabgarh Bus Stand → Majhawali Village,14,STOP_RAIPUR_KALAN,Raipur Kalan
909,Ballabgarh Bus Stand → Majhawali Village,15,STOP_GHARODA_VILLAGE,Gharoda village
909,Ballabgarh Bus Stand → Majhawali Village,16,STOP_MAJHAWALI_VILLAGE,Majhawali Village
909,Majhawali Village → Ballabgarh Bus Stand,1,STOP_MAJHAWALI_VILLAGE,Majhawali Village
909,Majhawali Village → Ballabgarh Bus Stand,2,STOP_GHARODA_VILLAGE,Gharoda village
909,Majhawali Village → Ballabgarh Bus Stand,3,STOP_RAIPUR_KALAN,Raipur Kalan
909,Majhawali Village → Ballabgarh Bus Stand,4,STOP_VIDHYASAGAR_INTERNATIONAL_SCHOOL_SD_GROUP_OF_INSTITUTION,Vidhyasagar international school /SD Group of Institution
909,Majhawali Village → Ballabgarh Bus Stand,5,STOP_LEHDOLA_VILLAGE,Lehdola village
909,Majhawali Village → Ballabgarh Bus Stand,6,STOP_MANDHAWALI_BHAINSRAWALI_MOD,Mandhawali /Bhainsrawali Mod
909,Majhawali Village → Ballabgarh Bus Stand,7,STOP_PUNJAB_NATIONAL_BANK_TIGAON,"Punjab National Bank, Tigaon"
909,Majhawali Village → Ballabgarh Bus Stand,8,STOP_CHANDER_MAL_CHOWK_BLOCK_DEV_AND_PANCHAYAT_OFFICER_TIGAON,"Chander Mal Chowk/Block Dev. and Panchayat Officer, Tigaon"
909,Majhawali Village → Ballabgarh Bus Stand,9,STOP_GOVT_HOSPITAL_TIGAON,"Govt. Hospital,Tigaon"
909,Majhawali Village → Ballabgarh Bus Stand,10,STOP_NEEMKA_MOD,Neemka Mod
909,Majhawali Village → Ballabgarh Bus Stand,11,STOP_DISTRICT_PRISON_FARIDABAD_POST_OFFICE,District Prison Faridabad/ Post Office
909,Majhawali Village → Ballabgarh Bus Stand,12,STOP_NTPC_FARIDABAD,"NTPC, Faridabad"
909,Majhawali Village → Ballabgarh Bus Stand,13,STOP_MUJERI_MOD_MIRZAPUR_SECTOR_74,"Mujeri Mod,Mirzapur Sector 74"
909,Majhawali Village → Ballabgarh Bus Stand,14,STOP_SECTOR_3,Sector -3
909,Majhawali Village → Ballabgarh Bus Stand,15,STOP_GOVT_GIRLS_SCHOOL_SHYAM_COLONY,"Govt. Girls School, Shyam Colony"
909,Majhawali Village → Ballabgarh Bus Stand,16,STOP_BALLABGARH_BUS_STAND,Ballabgarh Bus Stand
912,Ballabgarh Bus Stand → Pali Chowk,1,STOP_BALLABGARH_BUS_STAND,Ballabgarh Bus Stand
912,Ballabgarh Bus Stand → Pali Chowk,2,STOP_SECTOR_55_56_MODE,Sector - 55/56 Mode
912,Ballabgarh Bus Stand → Pali Chowk,3,STOP_GAUNCHHI,Gaunchhi
912,Ballabgarh Bus Stand → Pali Chowk,4,STOP_LAL_KHOTHI,Lal Khothi
912,Ballabgarh Bus Stand → Pali Chowk,5,STOP_PARVATIYA_COLONY_SAROORPUR,"Parvatiya Colony, Saroorpur"
912,Ballabgarh Bus Stand → Pali Chowk,6,STOP_SAROORPUR,Saroorpur
912,Ballabgarh Bus Stand → Pali Chowk,7,STOP_NAGAR_CHOWK,Nagar Chowk
912,Ballabgarh Bus Stand → Pali Chowk,8,STOP_NAGLA_ENCLAVE_PART_I,"Nagla Enclave,Part I"
912,Ballabgarh Bus Stand → Pali Chowk,9,STOP_NAGLA_GUJRAN,Nagla Gujran
912,Ballabgarh Bus Stand → Pali Chowk,10,STOP_GAZIPUR_MOD,Gazipur Mod
912,Ballabgarh Bus Stand → Pali Chowk,11,STOP_PALI_CHOWK,Pali Chowk
912,Pali Chowk → Ballabgarh Bus Stand,1,STOP_PALI_CHOWK,Pali Chowk
912,Pali Chowk → Ballabgarh Bus Stand,2,STOP_GAZIPUR_MOD,Gazipur Mod
912,Pali Chowk → Ballabgarh Bus Stand,3,STOP_NAGLA_GUJRAN,Nagla Gujran
912,Pali Chowk → Ballabgarh Bus Stand,4,STOP_NAGLA_ENCLAVE_PART_I,"Nagla Enclave,Part I"
912,Pali Chowk → Ballabgarh Bus Stand,5,STOP_NAGAR_CHOWK,Nagar Chowk
912,Pali Chowk → Ballabgarh Bus Stand,6,STOP_SAROORPUR,Saroorpur
912,Pali Chowk → Ballabgarh Bus Stand,7,STOP_PARVATIYA_COLONY_SAROORPUR,"Parvatiya Colony, Saroorpur"
912,Pali Chowk → Ballabgarh Bus Stand,8,STOP_LAL_KHOTHI,Lal Khothi
912,Pali Chowk → Ballabgarh Bus Stand,9,STOP_GAUNCHHI,Gaunchhi
912,Pali Chowk → Ballabgarh Bus Stand,10,STOP_SECTOR_55_56_MODE,Sector - 55/56 Mode
912,Pali Chowk → Ballabgarh Bus Stand,11,STOP_BALLABGARH_BUS_STAND,Ballabgarh Bus Stand
913,Badarpur Border → Majhawali Village,1,STOP_BADARPUR_BORDER,Badarpur Border
913,Badarpur Border → Majhawali Village,2,STOP_SECTOR_37_BLOCK_D_TIKONA_PARK,"Sector-37, Block- D/ Tikona Park"
913,Badarpur Border → Majhawali Village,3,STOP_SECTOR_37,Sector -37
913,Badarpur Border → Majhawali Village,4,STOP_SECTOR_36_BABA_SURDAS_CHOWK_PALLA_CHOWK,Sector- 36 /Baba Surdas Chowk/Palla Chowk
913,Badarpur Border → Majhawali Village,5,STOP_NHPC,NHPC
913,Badarpur Border → Majhawali Village,6,STOP_SECTOR_30_INDRAPRASTHA_COLONY_AITMADPUR,Sector- 30 Indraprastha Colony/ Aitmadpur
913,Badarpur Border → Majhawali Village,7,STOP_SECTOR_33_POLICE_LINE_ROAD,Sector-33 Police Line Road
913,Badarpur Border → Majhawali Village,8,STOP_SECTOR_28_29,Sector-28/29
913,Badarpur Border → Majhawali Village,9,STOP_MAWAI_VILLAGE,Mawai Village
913,Badarpur Border → Majhawali Village,10,STOP_SECTOR_88_89_TIKAWALI_VILLAGE_MOD,Sector 88-89/Tikawali village Mod
913,Badarpur Border → Majhawali Village,11,STOP_K_R_MANGALAM_SCHOOL_ASIAN_HOSPITAL,K.R Mangalam School/Asian Hospital
913,Badarpur Border → Majhawali Village,12,STOP_KHERI_KALAN_FARIDABAD,Kheri Kalan Faridabad
913,Badarpur Border → Majhawali Village,13,STOP_SECTOR_97_FARIDABAD,"Sector 97,Faridabad"
913,Badarpur Border → Majhawali Village,14,STOP_BHUPANI_MOD,Bhupani Mod
913,Badarpur Border → Majhawali Village,15,STOP_VIDSAN_CHARTERHOUSE,Vidsan Charterhouse
913,Badarpur Border → Majhawali Village,16,STOP_NACHOLI_VILLAGE,Nacholi Village
913,Badarpur Border → Majhawali Village,17,STOP_LINGAYAS_VIDYAPEETH,Lingayas Vidyapeeth
913,Badarpur Border → Majhawali Village,18,STOP_KANWARA_VILLAGE_MOD,Kanwara village Mod
913,Badarpur Border → Majhawali Village,19,STOP_BADARPUR_SAID,Badarpur Said
913,Badarpur Border → Majhawali Village,20,STOP_JASANA_VILLAGE,Jasana Village
913,Badarpur Border → Majhawali Village,21,STOP_SIDOLA_VILLAGE,Sidola Village
913,Badarpur Border → Majhawali Village,22,STOP_ECHELON_INSTITUTE_OF_TECHNOLOGY_KABOOLPUR_KHADAR,"Echelon Institute of Technology, Kaboolpur Khadar"
913,Badarpur Border → Majhawali Village,23,STOP_CHIRSI_VILLAGE,Chirsi Village
913,Badarpur Border → Majhawali Village,24,STOP_JB_COLLEGE,JB College
913,Badarpur Border → Majhawali Village,25,STOP_MAJHAWALI_VILLAGE,Majhawali Village
913,Majhawali Village → Badarpur Border,1,STOP_MAJHAWALI_VILLAGE,Majhawali Village
913,Majhawali Village → Badarpur Border,2,STOP_JB_COLLEGE,JB College
913,Majhawali Village → Badarpur Border,3,STOP_CHIRSI_VILLAGE,Chirsi Village
913,Majhawali Village → Badarpur Border,4,STOP_ECHELON_INSTITUTE_OF_TECHNOLOGY_KABOOLPUR_KHADAR,"Echelon Institute of Technology, Kaboolpur Khadar"
913,Majhawali Village → Badarpur Border,5,STOP_SIDOLA_VILLAGE,Sidola Village
913,Majhawali Village → Badarpur Border,6,STOP_JASANA_VILLAGE,Jasana Village
913,Majhawali Village → Badarpur Border,7,STOP_BADARPUR_SAID,Badarpur Said
913,Majhawali Village → Badarpur Border,8,STOP_KANWARA_VILLAGE_MOD,Kanwara village Mod
913,Majhawali Village → Badarpur Border,9,STOP_LINGAYAS_VIDYAPEETH,Lingayas Vidyapeeth
913,Majhawali Village → Badarpur Border,10,STOP_NACHOLI_VILLAGE,Nacholi Village
913,Majhawali Village → Badarpur Border,11,STOP_VIDSAN_CHARTERHOUSE,Vidsan CharterHouse
913,Majhawali Village → Badarpur Border,12,STOP_BHUPANI_MOD,Bhupani Mod
913,Majhawali Village → Badarpur Border,13,STOP_SECTOR_97_FARIDABAD,"Sector 97,Faridabad"
913,Majhawali Village → Badarpur Border,14,STOP_KHERI_KALAN_FARIDABAD,Kheri Kalan Faridabad
913,Majhawali Village → Badarpur Border,15,STOP_K_R_MANGALAM_SCHOOL_ASIAN_HOSPITAL,K.R Mangalam School/Asian Hospital
913,Majhawali Village → Badarpur Border,16,STOP_SECTOR_88_89_TIKAWALI_VILLAGE_MOD,Sector 88-89/Tikawali village Mod
913,Majhawali Village → Badarpur Border,17,STOP_MAWAI_VILLAGE,Mawai Village
913,Majhawali Village → Badarpur Border,18,STOP_SECTOR_28_29,Sector-28/29
913,Majhawali Village → Badarpur Border,19,STOP_SECTOR_33_POLICE_LINE_ROAD,Sector-33 Police Line Road
913,Majhawali Village → Badarpur Border,20,STOP_SECTOR_30_INDRAPRASTHA_COLONY_AITMADPUR,Sector- 30 Indraprastha Colony/ Aitmadpur
913,Majhawali Village → Badarpur Border,21,STOP_NHPC,NHPC
913,Majhawali Village → Badarpur Border,22,STOP_SECTOR_36_BABA_SURDAS_CHOWK_PALLA_CHOWK,Sector- 36 /Baba Surdas Chowk/Palla Chowk
913,Majhawali Village → Badarpur Border,23,STOP_SECTOR_37,Sector -37
913,Majhawali Village → Badarpur Border,24,STOP_SECTOR_37_BLOCK_D_TIKONA_PARK,"Sector-37, Block- D/ Tikona Park"
913,Majhawali Village → Badarpur Border,25,STOP_BADARPUR_BORDER,Badarpur Border
915A,Ballabgarh Bus Stand → Dhatir Village,1,STOP_BALLABGARH_BUS_STAND,Ballabgarh Bus Stand
915A,Ballabgarh Bus Stand → Dhatir Village,2,STOP_MANDI_MOD,Mandi Mod
915A,Ballabgarh Bus Stand → Dhatir Village,3,STOP_JCB_CHOWK_SECTOR_55,JCB Chowk/sector 55
915A,Ballabgarh Bus Stand → Dhatir Village,4,STOP_SECTOR_58_CHOWK,Sector - 58 Chowk
915A,Ballabgarh Bus Stand → Dhatir Village,5,STOP_JHARSETHLI_VILLAGE,Jharsethli Village
915A,Ballabgarh Bus Stand → Dhatir Village,6,STOP_TRANSPORT_NAGAR_JAJRU_MOD,"Transport Nagar,Jajru Mod"
915A,Ballabgarh Bus Stand → Dhatir Village,7,STOP_KHANDAWALI_MOD,Khandawali Mod
915A,Ballabgarh Bus Stand → Dhatir Village,8,STOP_DPSG_SHAPUR_KHURD_SIKRI,"DPSG,Shapur Khurd, Sikri"
915A,Ballabgarh Bus Stand → Dhatir Village,9,STOP_BHANKPUR_MOD,Bhankpur Mod
915A,Ballabgarh Bus Stand → Dhatir Village,10,STOP_SOFTA_MOD,Softa Mod
915A,Ballabgarh Bus Stand → Dhatir Village,11,STOP_PRITHLA_VILLAGE,Prithla Village
915A,Ballabgarh Bus Stand → Dhatir Village,12,STOP_DUDHOLA_MOD,Dudhola Mod
915A,Ballabgarh Bus Stand → Dhatir Village,13,STOP_NAGLA_BHIKU_MOD,Nagla-Bhiku Mod
915A,Ballabgarh Bus Stand → Dhatir Village,14,STOP_ACE,ACE
915A,Ballabgarh Bus Stand → Dhatir Village,15,STOP_SAMUDAYIK_SWASTHYA_KENDRA,Samudayik swasthya kendra
915A,Ballabgarh Bus Stand → Dhatir Village,16,STOP_VISHWAKARMA_UNIVERSITY_DUDHOLA,"Vishwakarma University, Dudhola"
915A,Ballabgarh Bus Stand → Dhatir Village,17,STOP_DHATIR_VILLAGE,Dhatir Village
915A,Dhatir Village → Ballabgarh Bus Stand,1,STOP_DHATIR_VILLAGE,Dhatir Village
915A,Dhatir Village → Ballabgarh Bus Stand,2,STOP_VISHWAKARMA_UNIVERSITY_DUDHOLA,"Vishwakarma University, Dudhola"
915A,Dhatir Village → Ballabgarh Bus Stand,3,STOP_SAMUDAYIK_SWASTHYA_KENDRA,Samudayik swasthya kendra
915A,Dhatir Village → Ballabgarh Bus Stand,4,STOP_ACE,ACE
915A,Dhatir Village → Ballabgarh Bus Stand,5,STOP_NAGLA_BHIKU_MOD,Nagla-Bhiku Mod
915A,Dhatir Village → Ballabgarh Bus Stand,6,STOP_DUDHOLA_MOD,Dudhola Mod
915A,Dhatir Village → Ballabgarh Bus Stand,7,STOP_PRITHLA_VILLAGE,Prithla Village
915A,Dhatir Village → Ballabgarh Bus Stand,8,STOP_SOFTA_MOD,Softa Mod
915A,Dhatir Village → Ballabgarh Bus Stand,9,STOP_BHANKPUR_MOD,Bhankpur Mod
915A,Dhatir Village → Ballabgarh Bus Stand,10,STOP_DPSG_SHAPUR_KHURD_SIKRI,"DPSG,Shapur Khurd, Sikri"
915A,Dhatir Village → Ballabgarh Bus Stand,11,STOP_KHANDAWALI_MOD,Khandawali Mod
915A,Dhatir Village → Ballabgarh Bus Stand,12,STOP_TRANSPORT_NAGAR_JAJRU_MOD,"Transport Nagar,Jajru Mod"
915A,Dhatir Village → Ballabgarh Bus Stand,13,STOP_JHARSETHLI_VILLAGE,Jharsethli Village
915A,Dhatir Village → Ballabgarh Bus Stand,14,STOP_SECTOR_58_CHOWK,Sector - 58 Chowk
915A,Dhatir Village → Ballabgarh Bus Stand,15,STOP_JCB_CHOWK_SECTOR_55,JCB Chowk/sector 55
915A,Dhatir Village → Ballabgarh Bus Stand,16,STOP_MANDI_MOD,Mandi Mod
915A,Dhatir Village → Ballabgarh Bus Stand,17,STOP_BALLABGARH_BUS_STAND,Ballabgarh Bus Stand
916,Ballabgarh Bus Stand → Arua,1,STOP_BALLABGARH_BUS_STAND,Ballabgarh Bus Stand
916,Ballabgarh Bus Stand → Arua,2,STOP_GOVT_GIRLS_SCHOOL_SHYAM_COLONY,"Govt. Girls School, Shyam Colony"
916,Ballabgarh Bus Stand → Arua,3,STOP_SECTOR_3,Sector -3
916,Ballabgarh Bus Stand → Arua,4,STOP_MUJERI_MOD_MIRZAPUR_SECTOR_74,"Mujeri Mod,Mirzapur Sector 74"
916,Ballabgarh Bus Stand → Arua,5,STOP_NTPC_FARIDABAD,"NTPC, Faridabad"
916,Ballabgarh Bus Stand → Arua,6,STOP_DISTRICT_PRISON_FARIDABAD_POST_OFFICE,District Prison Faridabad/ Post Office
916,Ballabgarh Bus Stand → Arua,7,STOP_NEEMKA_MOD,Neemka Mod
916,Ballabgarh Bus Stand → Arua,8,STOP_GOVT_HOSPITAL_TIGAON,"Govt. Hospital,Tigaon"
916,Ballabgarh Bus Stand → Arua,9,STOP_CHANDER_MAL_CHOWK_BLOCK_DEV_AND_PANCHAYAT_OFFICER_TIGAON,"Chander Mal Chowk/Block Dev. and Panchayat Officer, Tigaon"
916,Ballabgarh Bus Stand → Arua,10,STOP_KAURALI_MOD_TIGAON,"Kaurali Mod, Tigaon"
916,Ballabgarh Bus Stand → Arua,11,STOP_BADRAULA_VILLAGE,Badraula Village
916,Ballabgarh Bus Stand → Arua,12,STOP_PREHLADPUR_MANJRA_BADRAULA,"Prehladpur Manjra, Badraula"
916,Ballabgarh Bus Stand → Arua,13,STOP_KAURALI_VILLAGE,Kaurali village
916,Ballabgarh Bus Stand → Arua,14,STOP_SAMUDAIK_KENDRA_KAURALI,"Samudaik Kendra, Kaurali"
916,Ballabgarh Bus Stand → Arua,15,STOP_C_B_S_COLLEGE_OF_PHARMACY_AND_TECHNOLOGY_IMAMUDDINPUR,"C.B.S College of pharmacy and Technology, Imamuddinpur"
916,Ballabgarh Bus Stand → Arua,16,STOP_SANJOE_PURAM_ST_LUKE_SCHOOL,Sanjoe Puram /St. Luke School
916,Ballabgarh Bus Stand → Arua,17,STOP_CHANDPUR_VILLAGE,Chandpur Village
916,Ballabgarh Bus Stand → Arua,18,STOP_SHAJHANPUR_VILLAGE,Shajhanpur Village
916,Ballabgarh Bus Stand → Arua,19,STOP_FAIZUPUR_KHADAR,Faizupur Khadar
916,Ballabgarh Bus Stand → Arua,20,STOP_S_L_PUBLIC_SCHOOL_FAIZPUR,"S.L Public School, Faizpur"
916,Ballabgarh Bus Stand → Arua,21,STOP_ARUA,Arua
916,Arua → Ballabgarh Bus Stand,1,STOP_ARUA,Arua
916,Arua → Ballabgarh Bus Stand,2,STOP_S_L_PUBLIC_SCHOOL_FAIZPUR,"S.L Public School, Faizpur"
916,Arua → Ballabgarh Bus Stand,3,STOP_FAIZUPUR_KHADAR,Faizupur Khadar
916,Arua → Ballabgarh Bus Stand,4,STOP_SHAJHANPUR_VILLAGE,Shajhanpur Village
916,Arua → Ballabgarh Bus Stand,5,STOP_CHANDPUR_VILLAGE,Chandpur Village
916,Arua → Ballabgarh Bus Stand,6,STOP_SANJOE_PURAM_ST_LUKE_SCHOOL,Sanjoe Puram /St. Luke School
916,Arua → Ballabgarh Bus Stand,7,STOP_C_B_S_COLLEGE_OF_PHARMACY_AND_TECHNOLOGY_IMAMUDDINPUR,"C.B.S College of pharmacy and Technology, Imamuddinpur"
916,Arua → Ballabgarh Bus Stand,8,STOP_SAMUDAIK_KENDRA_KAURALI,"Samudaik Kendra, Kaurali"
916,Arua → Ballabgarh Bus Stand,9,STOP_KAURALI_VILLAGE,Kaurali village
916,Arua → Ballabgarh Bus Stand,10,STOP_PREHLADPUR_MANJRA_BADRAULA,"Prehladpur Manjra, Badraula"
916,Arua → Ballabgarh Bus Stand,11,STOP_BADRAULA_VILLAGE,Badraula Village
916,Arua → Ballabgarh Bus Stand,12,STOP_KAURALI_MOD_TIGAON,"Kaurali Mod, Tigaon"
916,Arua → Ballabgarh Bus Stand,13,STOP_CHANDER_MAL_CHOWK_BLOCK_DEV_AND_PANCHAYAT_OFFICER_TIGAON,"Chander Mal Chowk/Block Dev. and Panchayat Officer, Tigaon"
916,Arua → Ballabgarh Bus Stand,14,STOP_GOVT_HOSPITAL_TIGAON,"Govt. Hospital,Tigaon"
916,Arua → Ballabgarh Bus Stand,15,STOP_NEEMKA_MOD,Neemka Mod
916,Arua → Ballabgarh Bus Stand,16,STOP_DISTRICT_PRISON_FARIDABAD_POST_OFFICE,District Prison Faridabad/ Post Office
916,Arua → Ballabgarh Bus Stand,17,STOP_NTPC_FARIDABAD,"NTPC, Faridabad"
916,Arua → Ballabgarh Bus Stand,18,STOP_MUJERI_MOD_MIRZAPUR_SECTOR_74,"Mujeri Mod,Mirzapur Sector 74"
916,Arua → Ballabgarh Bus Stand,19,STOP_SECTOR_3,Sector -3
916,Arua → Ballabgarh Bus Stand,20,STOP_GOVT_GIRLS_SCHOOL_SHYAM_COLONY,"Govt. Girls School, Shyam Colony"
916,Arua → Ballabgarh Bus Stand,21,STOP_BALLABGARH_BUS_STAND,Ballabgarh Bus Stand
917,Ballabgarh Bus Stand → Baghpur Village,1,STOP_BALLABGARH_BUS_STAND,Ballabgarh Bus Stand
917,Ballabgarh Bus Stand → Baghpur Village,2,STOP_AMBEDKAR_CHOWK,Ambedkar Chowk
917,Ballabgarh Bus Stand → Baghpur Village,3,STOP_PNB_BANK_YADAV_COLONY,"PNB Bank, Yadav Colony"
917,Ballabgarh Bus Stand → Baghpur Village,4,STOP_POLICE_STATION_SEC_64,Police Station Sec-64
917,Ballabgarh Bus Stand → Baghpur Village,5,STOP_MAHARAJA_SAINI_CHOWK,Maharaja Saini Chowk
917,Ballabgarh Bus Stand → Baghpur Village,6,STOP_CHANDAWALI_VILLAGE,Chandawali Village
917,Ballabgarh Bus Stand → Baghpur Village,7,STOP_SEC_67_68_CHOWK,Sec-67/68 Chowk
917,Ballabgarh Bus Stand → Baghpur Village,8,STOP_IMT_MOD_MACHHGARH,IMT Mod Machhgarh
917,Ballabgarh Bus Stand → Baghpur Village,9,STOP_SANTOSHI_MATA_MANDIR_MACHHGARH,"Santoshi Mata Mandir, Machhgarh"
917,Ballabgarh Bus Stand → Baghpur Village,10,STOP_MACHHGARH_VILLAGE,Machhgarh Village
917,Ballabgarh Bus Stand → Baghpur Village,11,STOP_MATA_CHOWK_DAYALPUR,"Mata Chowk,Dayalpur"
917,Ballabgarh Bus Stand → Baghpur Village,12,STOP_JUNEHERA_MOD,Junehera Mod
917,Ballabgarh Bus Stand → Baghpur Village,13,STOP_SUB_TEHSIL_DAYALPUR,"Sub-Tehsil, Dayalpur"
917,Ballabgarh Bus Stand → Baghpur Village,14,STOP_ATALI_VILLAGE_MOD,Atali Village Mod
917,Ballabgarh Bus Stand → Baghpur Village,15,STOP_MOUJPUR_VILLAGE_MOD,Moujpur Village Mod
917,Ballabgarh Bus Stand → Baghpur Village,16,STOP_KMP_MOD,KMP Mod
917,Ballabgarh Bus Stand → Baghpur Village,17,STOP_MOTHUKA_VILLAGE_MOD,Mothuka Village Mod
917,Ballabgarh Bus Stand → Baghpur Village,18,STOP_BHATI_CHOWK_CHHAINSA,"Bhati Chowk, Chhainsa"
917,Ballabgarh Bus Stand → Baghpur Village,19,STOP_NARIYALA_VILLAGE,Nariyala Village
917,Ballabgarh Bus Stand → Baghpur Village,20,STOP_HIRAPUR_VILLAGE_MOD,Hirapur Village Mod
917,Ballabgarh Bus Stand → Baghpur Village,21,STOP_MOHNA_BUS_STAND,Mohna Bus Stand
917,Ballabgarh Bus Stand → Baghpur Village,22,STOP_PT_PARSURAM_VATIKA_MOHNA,"Pt.Parsuram Vatika, Mohna"
917,Ballabgarh Bus Stand → Baghpur Village,23,STOP_MUNSHI_MOD,Munshi Mod
917,Ballabgarh Bus Stand → Baghpur Village,24,STOP_B_R_COLLEGE_OF_PHARMACY,B. R. College of Pharmacy
917,Ballabgarh Bus Stand → Baghpur Village,25,STOP_BAGHPUR_VILLAGE,Baghpur Village
917,Baghpur Village → Ballabgarh Bus Stand,1,STOP_BAGHPUR_VILLAGE,Baghpur Village
917,Baghpur Village → Ballabgarh Bus Stand,2,STOP_B_R_COLLEGE_OF_PHARMACY,B. R. College of Pharmacy
917,Baghpur Village → Ballabgarh Bus Stand,3,STOP_MUNSHI_MOD,Munshi Mod
917,Baghpur Village → Ballabgarh Bus Stand,4,STOP_PT_PARSURAM_VATIKA_MOHNA,"Pt.Parsuram Vatika, Mohna"
917,Baghpur Village → Ballabgarh Bus Stand,5,STOP_MOHNA_BUS_STAND,Mohna Bus Stand
917,Baghpur Village → Ballabgarh Bus Stand,6,STOP_HIRAPUR_VILLAGE_MOD,Hirapur Village Mod
917,Baghpur Village → Ballabgarh Bus Stand,7,STOP_NARIYALA_VILLAGE,Nariyala Village
917,Baghpur Village → Ballabgarh Bus Stand,8,STOP_BHATI_CHOWK_CHHAINSA,"Bhati Chowk, Chhainsa"
917,Baghpur Village → Ballabgarh Bus Stand,9,STOP_MOTHUKA_VILLAGE_MOD,Mothuka Village Mod
917,Baghpur Village → Ballabgarh Bus Stand,10,STOP_KMP_MOD,KMP Mod
917,Baghpur Village → Ballabgarh Bus Stand,11,STOP_MOUJPUR_VILLAGE_MOD,Moujpur Village Mod
917,Baghpur Village → Ballabgarh Bus Stand,12,STOP_ATALI_VILLAGE_MOD,Atali Village Mod
917,Baghpur Village → Ballabgarh Bus Stand,13,STOP_SUB_TEHSIL_DAYALPUR,"Sub-Tehsil, Dayalpur"
917,Baghpur Village → Ballabgarh Bus Stand,14,STOP_JUNEHERA_MOD,Junehera Mod
917,Baghpur Village → Ballabgarh Bus Stand,15,STOP_MATA_CHOWK_DAYALPUR,"Mata Chowk,Dayalpur"
917,Baghpur Village → Ballabgarh Bus Stand,16,STOP_MACHHGARH_VILLAGE,Machhgarh Village
917,Baghpur Village → Ballabgarh Bus Stand,17,STOP_SANTOSHI_MATA_MANDIR_MACHHGARH,"Santoshi Mata Mandir, Machhgarh"
917,Baghpur Village → Ballabgarh Bus Stand,18,STOP_IMT_MOD_MACHHGARH,IMT Mod Machhgarh
917,Baghpur Village → Ballabgarh Bus Stand,19,STOP_SEC_67_68_CHOWK,Sec-67/68 Chowk
917,Baghpur Village → Ballabgarh Bus Stand,20,STOP_CHANDAWALI_VILLAGE,Chandawali Village
917,Baghpur Village → Ballabgarh Bus Stand,21,STOP_MAHARAJA_SAINI_CHOWK,Maharaja Saini Chowk
917,Baghpur Village → Ballabgarh Bus Stand,22,STOP_POLICE_STATION_SEC_64,Police Station Sec-64
917,Baghpur Village → Ballabgarh Bus Stand,23,STOP_PNB_BANK_YADAV_COLONY,"PNB Bank, Yadav Colony"
917,Baghpur Village → Ballabgarh Bus Stand,24,STOP_AMBEDKAR_CHOWK,Ambedkar Chowk
917,Baghpur Village → Ballabgarh Bus Stand,25,STOP_BALLABGARH_BUS_STAND,Ballabgarh Bus Stand
919,Ballabgarh Bus Stand → Badarpur Border,1,STOP_BALLABGARH_BUS_STAND,Ballabgarh Bus Stand
919,Ballabgarh Bus Stand → Badarpur Border,2,STOP_GOVT_GIRLS_SCHOOL_SHYAM_COLONY,"Govt. Girls School, Shyam Colony"
919,Ballabgarh Bus Stand → Badarpur Border,3,STOP_SECTOR_3,Sector -3
919,Ballabgarh Bus Stand → Badarpur Border,4,STOP_MUJERI_MOD_MIRZAPUR_SECTOR_74,"Mujeri Mod,Mirzapur Sector 74"
919,Ballabgarh Bus Stand → Badarpur Border,5,STOP_NTPC_FARIDABAD,"NTPC, Faridabad"
919,Ballabgarh Bus Stand → Badarpur Border,6,STOP_DISTRICT_PRISON_FARIDABAD_POST_OFFICE,District Prison Faridabad/ Post Office
919,Ballabgarh Bus Stand → Badarpur Border,7,STOP_NEEMKA_MOD,Neemka Mod
919,Ballabgarh Bus Stand → Badarpur Border,8,STOP_GOVT_HOSPITAL_TIGAON,"Govt. Hospital,Tigaon"
919,Ballabgarh Bus Stand → Badarpur Border,9,STOP_SADUPURA_VILLAGE_MOD,Sadupura village Mod
919,Ballabgarh Bus Stand → Badarpur Border,10,STOP_SADUPURA_VILLAGE,Sadupura Village
919,Ballabgarh Bus Stand → Badarpur Border,11,STOP_GOVT_SCHOOL_FARIDPUR,"Govt. School, Faridpur"
919,Ballabgarh Bus Stand → Badarpur Border,12,STOP_ADEL_REDWOOD_RESIDENCY_SECTOR_78,"Adel Redwood Residency,Sector 78"
919,Ballabgarh Bus Stand → Badarpur Border,13,STOP_CHANDILA_CHOWK_BHATAULA,"Chandila Chowk,Bhataula"
919,Ballabgarh Bus Stand → Badarpur Border,14,STOP_GRAM_PANCHYAT_BHATAULA_SECTOR_82,"Gram Panchyat Bhataula,Sector 82"
919,Ballabgarh Bus Stand → Badarpur Border,15,STOP_PARK_GRANDEURA_SECTOR_82,"Park Grandeura,Sector 82"
919,Ballabgarh Bus Stand → Badarpur Border,16,STOP_BIHARI_MARKET_CHOWK_BHATAULA,"Bihari Market Chowk, Bhataula"
919,Ballabgarh Bus Stand → Badarpur Border,17,STOP_BUDHENA_VILLAGE_MOD,Budhena Village Mod
919,Ballabgarh Bus Stand → Badarpur Border,18,STOP_INSTITUTE_OF_MANAGEMENT_AND_TECHNOLOGY_SECTOR_86,"Institute Of Management and Technology,Sector 86"
919,Ballabgarh Bus Stand → Badarpur Border,19,STOP_SECTOR_86_CHOWK,Sector 86 Chowk
919,Ballabgarh Bus Stand → Badarpur Border,20,STOP_SECTOR_17,Sector-17
919,Ballabgarh Bus Stand → Badarpur Border,21,STOP_KHERI_PUL_CHOWK,Kheri Pul Chowk
919,Ballabgarh Bus Stand → Badarpur Border,22,STOP_SECTOR_28_29,Sector-28/29
919,Ballabgarh Bus Stand → Badarpur Border,23,STOP_SECTOR_33_POLICE_LINE_ROAD,Sector-33 Police Line Road
919,Ballabgarh Bus Stand → Badarpur Border,24,STOP_SECTOR_30_INDRAPRASTHA_COLONY_AITMADPUR,Sector- 30 Indraprastha Colony/ Aitmadpur
919,Ballabgarh Bus Stand → Badarpur Border,25,STOP_NHPC,NHPC
919,Ballabgarh Bus Stand → Badarpur Border,26,STOP_SECTOR_36_BABA_SURDAS_CHOWK_PALLA_CHOWK,Sector- 36 /Baba Surdas Chowk/Palla Chowk
919,Ballabgarh Bus Stand → Badarpur Border,27,STOP_SECTOR_37,Sector -37
919,Ballabgarh Bus Stand → Badarpur Border,28,STOP_SECTOR_37_BLOCK_D_TIKONA_PARK,"Sector-37, Block- D/ Tikona Park"
919,Ballabgarh Bus Stand → Badarpur Border,29,STOP_BADARPUR_BORDER,Badarpur Border
919,Badarpur Border → Ballabgarh Bus Stand,1,STOP_BADARPUR_BORDER,Badarpur Border
919,Badarpur Border → Ballabgarh Bus Stand,2,STOP_SECTOR_37_BLOCK_D_TIKONA_PARK,"Sector-37, Block- D/ Tikona Park"
919,Badarpur Border → Ballabgarh Bus Stand,3,STOP_SECTOR_37,Sector -37
919,Badarpur Border → Ballabgarh Bus Stand,4,STOP_SECTOR_36_BABA_SURDAS_CHOWK_PALLA_CHOWK,Sector- 36 /Baba Surdas Chowk/Palla Chowk
919,Badarpur Border → Ballabgarh Bus Stand,5,STOP_NHPC,NHPC
919,Badarpur Border → Ballabgarh Bus Stand,6,STOP_SECTOR_30_INDRAPRASTHA_COLONY_AITMADPUR,Sector- 30 Indraprastha Colony/ Aitmadpur
919,Badarpur Border → Ballabgarh Bus Stand,7,STOP_SECTOR_33_POLICE_LINE_ROAD,Sector-33 Police Line Road
919,Badarpur Border → Ballabgarh Bus Stand,8,STOP_SECTOR_28_29,Sector-28/29
919,Badarpur Border → Ballabgarh Bus Stand,9,STOP_KHERI_PUL_CHOWK,Kheri Pul Chowk
919,Badarpur Border → Ballabgarh Bus Stand,10,STOP_SECTOR_17,Sector-17
919,Badarpur Border → Ballabgarh Bus Stand,11,STOP_SECTOR_86_CHOWK,Sector 86 Chowk
919,Badarpur Border → Ballabgarh Bus Stand,12,STOP_INSTITUTE_OF_MANAGEMENT_AND_TECHNOLOGY_SECTOR_86,"Institute Of Management and Technology,Sector 86"
919,Badarpur Border → Ballabgarh Bus Stand,13,STOP_BUDHENA_VILLAGE_MOD,Budhena Village Mod
919,Badarpur Border → Ballabgarh Bus Stand,14,STOP_BIHARI_MARKET_CHOWK_BHATAULA,"Bihari Market Chowk, Bhataula"
919,Badarpur Border → Ballabgarh Bus Stand,15,STOP_PARK_GRANDEURA_SECTOR_82,"Park Grandeura,Sector 82"
919,Badarpur Border → Ballabgarh Bus Stand,16,STOP_GRAM_PANCHYAT_BHATAULA_SECTOR_82,"Gram Panchyat Bhataula,Sector 82"
919,Badarpur Border → Ballabgarh Bus Stand,17,STOP_CHANDILA_CHOWK_BHATAULA,"Chandila Chowk,Bhataula"
919,Badarpur Border → Ballabgarh Bus Stand,18,STOP_ADEL_REDWOOD_RESIDENCY_SECTOR_78,"Adel Redwood Residency,Sector 78"
919,Badarpur Border → Ballabgarh Bus Stand,19,STOP_GOVT_SCHOOL_FARIDPUR,"Govt. School, Faridpur"
919,Badarpur Border → Ballabgarh Bus Stand,20,STOP_SADUPURA_VILLAGE,Sadupura Village
919,Badarpur Border → Ballabgarh Bus Stand,21,STOP_SADUPURA_VILLAGE_MOD,Sadupura village Mod
919,Badarpur Border → Ballabgarh Bus Stand,22,STOP_GOVT_HOSPITAL_TIGAON,"Govt. Hospital,Tigaon"
919,Badarpur Border → Ballabgarh Bus Stand,23,STOP_NEEMKA_MOD,Neemka Mod
919,Badarpur Border → Ballabgarh Bus Stand,24,STOP_DISTRICT_PRISON_FARIDABAD_POST_OFFICE,District Prison Faridabad/ Post Office
919,Badarpur Border → Ballabgarh Bus Stand,25,STOP_NTPC_FARIDABAD,"NTPC, Faridabad"
919,Badarpur Border → Ballabgarh Bus Stand,26,STOP_MUJERI_MOD_MIRZAPUR_SECTOR_74,"Mujeri Mod,Mirzapur Sector 74"
919,Badarpur Border → Ballabgarh Bus Stand,27,STOP_SECTOR_3,Sector -3
919,Badarpur Border → Ballabgarh Bus Stand,28,STOP_GOVT_GIRLS_SCHOOL_SHYAM_COLONY,"Govt. Girls School, Shyam Colony"
919,Badarpur Border → Ballabgarh Bus Stand,29,STOP_BALLABGARH_BUS_STAND,Ballabgarh Bus Stand
D301,AIIMS Ballabgarh → AIIMS Delhi,1,STOP_AIIMS_BALLABGARH,AIIMS Ballabgarh
D301,AIIMS Ballabgarh → AIIMS Delhi,2,STOP_BALLABGARH_BUS_STAND,Ballabgarh Bus Stand
D301,AIIMS Ballabgarh → AIIMS Delhi,3,STOP_RAJIV_ENCLAVE_SECTOR_5,"Rajiv Enclave, Sector 5"
D301,AIIMS Ballabgarh → AIIMS Delhi,4,STOP_SANT_SURDAS_SIHI_NCB_COLONY_GOOD_YEAR_CHOWK,"Sant Surdas, Sihi (NCB Colony)/ Good Year Chowk"
D301,AIIMS Ballabgarh → AIIMS Delhi,5,STOP_ESCORTS_MUJESAR_J_C_BOSE_UNIVERSITY_OF_S_AND_T_YMCA_CHOWK,Escorts Mujesar/J.C. Bose University of S and T/YMCA Chowk
D301,AIIMS Ballabgarh → AIIMS Delhi,6,STOP_BATA_CHOWK,Bata Chowk
D301,AIIMS Ballabgarh → AIIMS Delhi,7,STOP_TATA_STEEL,Tata Steel
D301,AIIMS Ballabgarh → AIIMS Delhi,8,STOP_HARDWARE_CHOWK,Hardware Chowk
D301,AIIMS Ballabgarh → AIIMS Delhi,9,STOP_NIT_1_2_CHOWK,NIT - 1/2 Chowk
D301,AIIMS Ballabgarh → AIIMS Delhi,10,STOP_NIT_BUS_STAND,NIT Bus Stand
D301,AIIMS Ballabgarh → AIIMS Delhi,11,STOP_BK_HOSPITAL_CHOWK,BK Hospital chowk
D301,AIIMS Ballabgarh → AIIMS Delhi,12,STOP_NEELAM_CHOWK,Neelam Chowk
D301,AIIMS Ballabgarh → AIIMS Delhi,13,STOP_AJRONDA_CHOWK,Ajronda Chowk
D301,AIIMS Ballabgarh → AIIMS Delhi,14,STOP_NEELAM_CHOWK_AJRONDA_METRO_STATION,Neelam Chowk Ajronda Metro Station
D301,AIIMS Ballabgarh → AIIMS Delhi,15,STOP_SECTOR_16A_SECTOR_15_MOD,Sector-16A/ Sector- 15 Mod
D301,AIIMS Ballabgarh → AIIMS Delhi,16,STOP_FARIDABAD_OLD_METRO_STATION,Faridabad Old Metro Station
D301,AIIMS Ballabgarh → AIIMS Delhi,17,STOP_RAJENDRA_COLONY_SECTOR_28,Rajendra Colony Sector-28
D301,AIIMS Ballabgarh → AIIMS Delhi,18,STOP_BADKHAL_MOD_METRO_STATION,Badkhal Mod Metro Station
D301,AIIMS Ballabgarh → AIIMS Delhi,19,STOP_BADKHAL_MOD_FLYOVER,Badkhal Mod Flyover
D301,AIIMS Ballabgarh → AIIMS Delhi,20,STOP_SECTOR_28_METRO_STATION,Sector-28 Metro Station
D301,AIIMS Ballabgarh → AIIMS Delhi,21,STOP_SECTOR_30_31,Sector- 30/31
D301,AIIMS Ballabgarh → AIIMS Delhi,22,STOP_MEWLA_MAHARAJPUR_METRO_STATION,Mewla Maharajpur Metro Station
D301,AIIMS Ballabgarh → AIIMS Delhi,23,STOP_NHPC_METRO_STATION,NHPC Metro Station
D301,AIIMS Ballabgarh → AIIMS Delhi,24,STOP_NHPC_CHOWK,NHPC Chowk
D301,AIIMS Ballabgarh → AIIMS Delhi,25,STOP_SARAI_KHAWAJA,Sarai Khawaja
D301,AIIMS Ballabgarh → AIIMS Delhi,26,STOP_SARAI_METRO_STATION,Sarai Metro Station
D301,AIIMS Ballabgarh → AIIMS Delhi,27,STOP_BADARPUR_BORDER,Badarpur Border
D301,AIIMS Ballabgarh → AIIMS Delhi,28,STOP_BADARPUR_MOLARBAND,Badarpur Molarband
D301,AIIMS Ballabgarh → AIIMS Delhi,29,STOP_SARITA_VIHAR,Sarita Vihar
D301,AIIMS Ballabgarh → AIIMS Delhi,30,STOP_NEHRU_PLACE,Nehru Place
D301,AIIMS Ballabgarh → AIIMS Delhi,31,STOP_AIIMS_DELHI,AIIMS Delhi
D301,AIIMS Delhi → AIIMS Ballabgarh,1,STOP_AIIMS_DELHI,AIIMS Delhi
D301,AIIMS Delhi → AIIMS Ballabgarh,2,STOP_NEHRU_PLACE,Nehru Place
D301,AIIMS Delhi → AIIMS Ballabgarh,3,STOP_SARITA_VIHAR,Sarita Vihar
D301,AIIMS Delhi → AIIMS Ballabgarh,4,STOP_BADARPUR_MOLARBAND,Badarpur Molarband
D301,AIIMS Delhi → AIIMS Ballabgarh,5,STOP_BADARPUR_BORDER,Badarpur Border
D301,AIIMS Delhi → AIIMS Ballabgarh,6,STOP_SARAI_METRO_STATION,Sarai Metro Station
D301,AIIMS Delhi → AIIMS Ballabgarh,7,STOP_SARAI_KHAWAJA,Sarai Khawaja
D301,AIIMS Delhi → AIIMS Ballabgarh,8,STOP_NHPC_CHOWK,NHPC Chowk
D301,AIIMS Delhi → AIIMS Ballabgarh,9,STOP_NHPC_METRO_STATION,NHPC Metro Station
D301,AIIMS Delhi → AIIMS Ballabgarh,10,STOP_MEWLA_MAHARAJPUR_METRO_STATION,Mewla Maharajpur Metro Station
D301,AIIMS Delhi → AIIMS Ballabgarh,11,STOP_SECTOR_30_31,Sector- 30/31
D301,AIIMS Delhi → AIIMS Ballabgarh,12,STOP_SECTOR_28_METRO_STATION,Sector-28 Metro Station
D301,AIIMS Delhi → AIIMS Ballabgarh,13,STOP_BADKHAL_MOD_FLYOVER,Badkhal Mod Flyover
D301,AIIMS Delhi → AIIMS Ballabgarh,14,STOP_BADKHAL_MOD_METRO_STATION,Badkhal Mod Metro Station
D301,AIIMS Delhi → AIIMS Ballabgarh,15,STOP_RAJENDRA_COLONY_SECTOR_28,Rajendra Colony Sector-28
D301,AIIMS Delhi → AIIMS Ballabgarh,16,STOP_FARIDABAD_OLD_METRO_STATION,Faridabad Old Metro Station
D301,AIIMS Delhi → AIIMS Ballabgarh,17,STOP_SECTOR_16A_SECTOR_15_MOD,Sector-16A/ Sector- 15 Mod
D301,AIIMS Delhi → AIIMS Ballabgarh,18,STOP_NEELAM_CHOWK_AJRONDA_METRO_STATION,Neelam Chowk Ajronda Metro Station
D301,AIIMS Delhi → AIIMS Ballabgarh,19,STOP_AJRONDA_CHOWK,Ajronda Chowk
D301,AIIMS Delhi → AIIMS Ballabgarh,20,STOP_NEELAM_CHOWK,Neelam Chowk
D301,AIIMS Delhi → AIIMS Ballabgarh,21,STOP_BK_HOSPITAL_CHOWK,BK Hospital chowk
D301,AIIMS Delhi → AIIMS Ballabgarh,22,STOP_NIT_BUS_STAND,NIT Bus Stand
D301,AIIMS Delhi → AIIMS Ballabgarh,23,STOP_NIT_1_2_CHOWK,NIT- 1/2 Chowk
D301,AIIMS Delhi → AIIMS Ballabgarh,24,STOP_HARDWARE_CHOWK,Hardware Chowk
D301,AIIMS Delhi → AIIMS Ballabgarh,25,STOP_TATA_STEEL,Tata Steel
D301,AIIMS Delhi → AIIMS Ballabgarh,26,STOP_BATA_CHOWK,Bata Chowk
D301,AIIMS Delhi → AIIMS Ballabgarh,27,STOP_ESCORTS_MUJESAR_J_C_BOSE_UNIVERSITY_OF_S_AND_T_YMCA_CHOWK,Escorts Mujesar/J.C. Bose University of S and T/YMCA Chowk
D301,AIIMS Delhi → AIIMS Ballabgarh,28,STOP_SANT_SURDAS_SIHI_NCB_COLONY_GOOD_YEAR_CHOWK,"Sant Surdas, Sihi (NCB Colony)/ Good Year Chowk"
D301,AIIMS Delhi → AIIMS Ballabgarh,29,STOP_RAJIV_ENCLAVE_SECTOR_5,"Rajiv Enclave, Sector 5"
D301,AIIMS Delhi → AIIMS Ballabgarh,30,STOP_BALLABGARH_BUS_STAND,Ballabgarh Bus Stand
D301,AIIMS Delhi → AIIMS Ballabgarh,31,STOP_AIIMS_BALLABGARH,AIIMS Ballabgarh
217,Gurugram Bus Stand → Bhondsi Police Chowki,1,STOP_GURUGRAM_BUS_STAND,Gurugram Bus Stand
217,Gurugram Bus Stand → Bhondsi Police Chowki,2,STOP_MAHAVEER_CHOWK_GAUSHALA_GROUND,Mahaveer Chowk Gaushala Ground
217,Gurugram Bus Stand → Bhondsi Police Chowki,3,STOP_CIVIL_HOSPITAL,Civil Hospital
217,Gurugram Bus Stand → Bhondsi Police Chowki,4,STOP_KAMLA_NEHRU_PARK,Kamla Nehru Park
217,Gurugram Bus Stand → Bhondsi Police Chowki,5,STOP_COMMISSIONER_OF_POLICE_OFFICE_SCERT_HARYANA,Commissioner of Police Office /SCERT Haryana
217,Gurugram Bus Stand → Bhondsi Police Chowki,6,STOP_DISTRICT_SECRETARIAT_COURT_COMPLEX_B_AND_R_REST_HOUSE,District Secretariat Court Complex / B and R Rest House
217,Gurugram Bus Stand → Bhondsi Police Chowki,7,STOP_RAJIV_CHOWK,Rajiv Chowk
217,Gurugram Bus Stand → Bhondsi Police Chowki,8,STOP_TAU_DEVI_LAL_SPORTS_COMPLEX,Tau Devi Lal Sports Complex
217,Gurugram Bus Stand → Bhondsi Police Chowki,9,STOP_ISLAMPUR_VILLAGE,ISLAMPUR VILLAGE
217,Gurugram Bus Stand → Bhondsi Police Chowki,10,STOP_SUBHASH_CHOWK,Subhash Chowk
217,Gurugram Bus Stand → Bhondsi Police Chowki,11,STOP_MALIBU_TOWN,Malibu Town
217,Gurugram Bus Stand → Bhondsi Police Chowki,12,STOP_SECTOR_48_49_SOUTH_CITY_II,"Sector - 48/49 , South City II"
217,Gurugram Bus Stand → Bhondsi Police Chowki,13,STOP_CD_CHOWK,CD Chowk
217,Gurugram Bus Stand → Bhondsi Police Chowki,14,STOP_VATIKA_BUSINESS_PARK,Vatika Business Park
217,Gurugram Bus Stand → Bhondsi Police Chowki,15,STOP_SHAHEED_UDHAM_SINGH_CHOWK,Shaheed Udham Singh Chowk
217,Gurugram Bus Stand → Bhondsi Police Chowki,16,STOP_SBI_BANK_BADSHAPUR,SBI Bank Badshapur
217,Gurugram Bus Stand → Bhondsi Police Chowki,17,STOP_BADSHAHPUR,Badshahpur
217,Gurugram Bus Stand → Bhondsi Police Chowki,18,STOP_POWER_COLONY_AIRIA_MALL_SECTOR_68,Power Colony / Airia Mall Sector - 68
217,Gurugram Bus Stand → Bhondsi Police Chowki,19,STOP_BHONDSI_JAIL_MODE,Bhondsi Jail Mode
217,Gurugram Bus Stand → Bhondsi Police Chowki,20,STOP_SECTOR_68_B_S_F_CAMP,Sector - 68 / B.S.F. Camp
217,Gurugram Bus Stand → Bhondsi Police Chowki,21,STOP_RAYAN_ENCLAVE_MOHAN_NAGAR,Rayan Enclave / Mohan Nagar
217,Gurugram Bus Stand → Bhondsi Police Chowki,22,STOP_MARUTI_KUNJ_MODE,Maruti Kunj Mode
217,Gurugram Bus Stand → Bhondsi Police Chowki,23,STOP_BHONDSI,Bhondsi
217,Gurugram Bus Stand → Bhondsi Police Chowki,24,STOP_BHONDSI_POLICE_CHOWKI,Bhondsi Police Chowki
217,Bhondsi Police Chowki → Gurugram Bus Stand,1,STOP_BHONDSI_POLICE_CHOWKI,Bhondsi Police Chowki
217,Bhondsi Police Chowki → Gurugram Bus Stand,2,STOP_BHONDSI,Bhondsi
217,Bhondsi Police Chowki → Gurugram Bus Stand,3,STOP_MARUTI_KUNJ_MODE,Maruti Kunj Mode
217,Bhondsi Police Chowki → Gurugram Bus Stand,4,STOP_RAYAN_ENCLAVE_MOHAN_NAGAR,Rayan Enclave / Mohan Nagar
217,Bhondsi Police Chowki → Gurugram Bus Stand,5,STOP_SECTOR_68_B_S_F_CAMP,Sector - 68 / B.S.F. Camp
217,Bhondsi Police Chowki → Gurugram Bus Stand,6,STOP_BHONDSI_JAIL_MODE,Bhondsi Jail Mode
217,Bhondsi Police Chowki → Gurugram Bus Stand,7,STOP_POWER_COLONY_AIRIA_MALL_SECTOR_68,Power Colony / Airia Mall Sector - 68
217,Bhondsi Police Chowki → Gurugram Bus Stand,8,STOP_BADSHAHPUR,Badshahpur
217,Bhondsi Police Chowki → Gurugram Bus Stand,9,STOP_DARBARIPUR_MOD_BADSHAPUR,Darbaripur Mod Badshapur
217,Bhondsi Police Chowki → Gurugram Bus Stand,10,STOP_SHAHEED_UDHAM_SINGH_CHOWK,Shaheed Udham Singh Chowk
217,Bhondsi Police Chowki → Gurugram Bus Stand,11,STOP_VATIKA_BUSINESS_PARK,Vatika Business Park
217,Bhondsi Police Chowki → Gurugram Bus Stand,12,STOP_CD_CHOWK,CD Chowk
217,Bhondsi Police Chowki → Gurugram Bus Stand,13,STOP_SECTOR_48_49_SOUTH_CITY_II,"Sector - 48/49 , South City II"
217,Bhondsi Police Chowki → Gurugram Bus Stand,14,STOP_MALIBU_TOWN,Malibu Town
217,Bhondsi Police Chowki → Gurugram Bus Stand,15,STOP_SUBHASH_CHOWK,Subhash Chowk
217,Bhondsi Police Chowki → Gurugram Bus Stand,16,STOP_ISLAMPUR_VILLAGE,Islampur Village
217,Bhondsi Police Chowki → Gurugram Bus Stand,17,STOP_TAU_DEVI_LAL_SPORTS_COMPLEX,Tau Devi Lal Sports Complex
217,Bhondsi Police Chowki → Gurugram Bus Stand,18,STOP_RAJIV_CHOWK,Rajiv Chowk
217,Bhondsi Police Chowki → Gurugram Bus Stand,19,STOP_DISTRICT_SECRETARIAT_COURT_COMPLEX_B_AND_R_REST_HOUSE,District Secretariat Court Complex / B and R Rest House
217,Bhondsi Police Chowki → Gurugram Bus Stand,20,STOP_COMMISSIONER_OF_POLICE_OFFICE_SCERT_HARYANA,Commissioner of Police Office /SCERT Haryana
217,Bhondsi Police Chowki → Gurugram Bus Stand,21,STOP_KAMLA_NEHRU_PARK,Kamla Nehru Park
217,Bhondsi Police Chowki → Gurugram Bus Stand,22,STOP_CIVIL_HOSPITAL,Civil Hospital
217,Bhondsi Police Chowki → Gurugram Bus Stand,23,STOP_MAHAVEER_CHOWK_GAUSHALA_GROUND,Mahaveer Chowk Gaushala Ground
217,Bhondsi Police Chowki → Gurugram Bus Stand,24,STOP_GURUGRAM_BUS_STAND,Gurugram Bus Stand
254,Mahaveer Chowk → Farrukhnagar,1,STOP_MAHAVEER_CHOWK_GAUSHALA_GROUND,Mahaveer Chowk Gaushala Ground
254,Mahaveer Chowk → Farrukhnagar,2,STOP_JACOBPURA_LAJPAT_NAGAR,Jacobpura Lajpat Nagar
254,Mahaveer Chowk → Farrukhnagar,3,STOP_JACOBPURA_MIYAN_WALI_COLONY,Jacobpura Miyan Wali Colony
254,Mahaveer Chowk → Farrukhnagar,4,STOP_BHIM_NAGAR_CHOWK,Bhim Nagar Chowk
254,Mahaveer Chowk → Farrukhnagar,5,STOP_SECTOR_7_BHIM_NAGAR,Sector - 7 / Bhim Nagar
254,Mahaveer Chowk → Farrukhnagar,6,STOP_SECTOR_4_SECTOR_7_CHOWK,Sector - 4 / Sector - 7 Chowk
254,Mahaveer Chowk → Farrukhnagar,7,STOP_SECTOR_4_SECTOR_7_AND_SECTOR_7_EXT,Sector - 4 / Sector - 7 and Sector - 7 Ext
254,Mahaveer Chowk → Farrukhnagar,8,STOP_SECTOR_9_ESIC_HOSPITAL,Sector - 9 ESIC Hospital
254,Mahaveer Chowk → Farrukhnagar,9,STOP_SECTOR_9_9A,Sector - 9/9A
254,Mahaveer Chowk → Farrukhnagar,10,STOP_CIVIL_HOSPITAL_SECTOR_9_GOVT_COLLEGE_SECTOR_9,Civil Hospital Sector 9/Govt. College Sector 9
254,Mahaveer Chowk → Farrukhnagar,11,STOP_BASAI_CHOWK,Basai Chowk
254,Mahaveer Chowk → Farrukhnagar,12,STOP_BASAI_VILLAGE,Basai Village
254,Mahaveer Chowk → Farrukhnagar,13,STOP_BASAI_DHANKOT_RAILWAY_STATION,Basai Dhankot Railway Station
254,Mahaveer Chowk → Farrukhnagar,14,STOP_SECTOR_100_DWARKA_EXPRESSWAY,Sector- 100 Dwarka Expressway
254,Mahaveer Chowk → Farrukhnagar,15,STOP_SECTOR_99_100_DWARKA_EXPRESSWAY_FOB,Sector- 99/100 Dwarka Expressway FOB
254,Mahaveer Chowk → Farrukhnagar,16,STOP_SECTOR_37D_DWARKA_EXPRESSWAY,Sector- 37D Dwarka Expressway
254,Mahaveer Chowk → Farrukhnagar,17,STOP_SECTOR_37D_88A_88B_DWARKA_EXPRESSWAY_FOB,Sector- 37D/88A-88B Dwarka Expressway FOB
254,Mahaveer Chowk → Farrukhnagar,18,STOP_DWARKA_EXPRESSWAY_HARSARU_VILLAGE,Dwarka Expressway Harsaru Village
254,Mahaveer Chowk → Farrukhnagar,19,STOP_HARSARU_VILLAGE,Harsaru Village
254,Mahaveer Chowk → Farrukhnagar,20,STOP_GHARI_MODE,Ghari Mode
254,Mahaveer Chowk → Farrukhnagar,21,STOP_SALIG_KI_DHANI,Salig Ki Dhani
254,Mahaveer Chowk → Farrukhnagar,22,STOP_HAYATPUR_IMT_MODE,Hayatpur (IMT Mode)
254,Mahaveer Chowk → Farrukhnagar,23,STOP_WAZIRPUR,Wazirpur
254,Mahaveer Chowk → Farrukhnagar,24,STOP_WAZIRPUR_T_POINT,Wazirpur-T Point
254,Mahaveer Chowk → Farrukhnagar,25,STOP_DHANAWAS,Dhanawas
254,Mahaveer Chowk → Farrukhnagar,26,STOP_SAIDPUR_KHETAWAS,Saidpur/Khetawas
254,Mahaveer Chowk → Farrukhnagar,27,STOP_MOHAMADPUR,Mohamadpur
254,Mahaveer Chowk → Farrukhnagar,28,STOP_FARUKHNAGAR_BUS_STAND,Farukhnagar Bus Stand
254,Farrukhnagar → Mahaveer Chowk,1,STOP_FARUKHNAGAR_BUS_STAND,Farukhnagar Bus Stand
254,Farrukhnagar → Mahaveer Chowk,2,STOP_MOHAMADPUR,Mohamadpur
254,Farrukhnagar → Mahaveer Chowk,3,STOP_SAIDPUR_KHETAWAS,Saidpur/Khetawas
254,Farrukhnagar → Mahaveer Chowk,4,STOP_DHANAWAS,Dhanawas
254,Farrukhnagar → Mahaveer Chowk,5,STOP_WAZIRPUR_T_POINT,Wazirpur-T Point
254,Farrukhnagar → Mahaveer Chowk,6,STOP_WAZIRPUR,Wazirpur
254,Farrukhnagar → Mahaveer Chowk,7,STOP_HAYATPUR_IMT_MODE,Hayatpur (IMT Mode)
254,Farrukhnagar → Mahaveer Chowk,8,STOP_SALIG_KI_DHANI,Salig Ki Dhani
254,Farrukhnagar → Mahaveer Chowk,9,STOP_GHARI_MODE,Ghari Mode
254,Farrukhnagar → Mahaveer Chowk,10,STOP_HARSARU_VILLAGE,Harsaru Village
254,Farrukhnagar → Mahaveer Chowk,11,STOP_DWARKA_EXPRESSWAY_HARSARU_VILLAGE,Dwarka Expressway Harsaru Village
254,Farrukhnagar → Mahaveer Chowk,12,STOP_SECTOR_37D_88A_88B_DWARKA_EXPRESSWAY_FOB,Sector- 37D/88A-88B Dwarka Expressway FOB
254,Farrukhnagar → Mahaveer Chowk,13,STOP_SECTOR_88A_88B_DWARKA_EXPRESSWAY,Sector- 88A/88B Dwarka Expressway
254,Farrukhnagar → Mahaveer Chowk,14,STOP_SECTOR_99_100_DWARKA_EXPRESSWAY_FOB,Sector- 99/100 Dwarka Expressway FOB
254,Farrukhnagar → Mahaveer Chowk,15,STOP_SECTOR_99_DWARKA_EXPRESSWAY,Sector- 99 Dwarka Expressway
254,Farrukhnagar → Mahaveer Chowk,16,STOP_BASAI_DHANKOT_RAILWAY_STATION,Basai Dhankot Railway Station
254,Farrukhnagar → Mahaveer Chowk,17,STOP_BASAI_VILLAGE,Basai Village
254,Farrukhnagar → Mahaveer Chowk,18,STOP_BASAI_CHOWK,Basai Chowk
254,Farrukhnagar → Mahaveer Chowk,19,STOP_BHAWANI_ENCLAVE,Bhawani Enclave
254,Farrukhnagar → Mahaveer Chowk,20,STOP_BASAI_TALAB,Basai Talab
254,Farrukhnagar → Mahaveer Chowk,21,STOP_SECTOR_9_9A,Sector - 9/9A
254,Farrukhnagar → Mahaveer Chowk,22,STOP_SECTOR_9_ESIC_HOSPITAL,Sector - 9 ESIC Hospital
254,Farrukhnagar → Mahaveer Chowk,23,STOP_FIROZ_GANDHI_COLONY_2,Firoz Gandhi Colony 2
254,Farrukhnagar → Mahaveer Chowk,24,STOP_SECTOR_4_SECTOR_7_AND_SECTOR_7_EXT,Sector - 4 / Sector - 7 and Sector - 7 Ext
254,Farrukhnagar → Mahaveer Chowk,25,STOP_SECTOR_4_SECTOR_7_CHOWK,Sector - 4 / Sector - 7 Chowk
254,Farrukhnagar → Mahaveer Chowk,26,STOP_SECTOR_7_BHIM_NAGAR,Sector - 7 / Bhim Nagar
254,Farrukhnagar → Mahaveer Chowk,27,STOP_BHIM_NAGAR_CHOWK,Bhim Nagar Chowk
254,Farrukhnagar → Mahaveer Chowk,28,STOP_JACOBPURA_MIYAN_WALI_COLONY,Jacobpura Miyan Wali Colony
254,Farrukhnagar → Mahaveer Chowk,29,STOP_JACOBPURA_LAJPAT_NAGAR,Jacobpura Lajpat Nagar
254,Farrukhnagar → Mahaveer Chowk,30,STOP_MAHAVEER_CHOWK_GAUSHALA_GROUND,Mahaveer Chowk Gaushala Ground
254A,UP,1,STOP_MAHAVEER_CHOWK_GAUSHALA_GROUND,Mahaveer Chowk Gaushala Ground
254A,UP,2,STOP_PATEL_NAGAR_VYAPAR_KENDRA,Patel Nagar Vyapar Kendra
254A,UP,3,STOP_GOVT_GIRLS_COLLEGE_ANAMIKA_ENCLAVE,Govt Girls College Anamika Enclave
254A,UP,4,STOP_ITI_COLONY_OLD_DLF,ITI Colony Old DLF
254A,UP,5,STOP_CANAL_COLONY,Canal Colony
254A,UP,6,STOP_SECTOR_14_IDC,Sector - 14 / IDC
254A,UP,7,STOP_SUKHRALI_SEC_17_C,Sukhrali/Sec 17 C
254A,UP,8,STOP_IFFCO_CHOWK,Iffco Chowk
254A,UP,9,STOP_M_G_ROAD_METRO_STATION,M G Road Metro Station
254A,UP,10,STOP_SAHARA_MALL,Sahara Mall
254A,UP,11,STOP_SIKANDERPUR_METRO_STATION,Sikanderpur Metro Station
254A,DOWN,1,STOP_SIKANDERPUR_METRO_STATION,Sikanderpur Metro Station
254A,DOWN,2,STOP_SAHARA_MALL,Sahara Mall
254A,DOWN,3,STOP_M_G_ROAD_METRO_STATION,M G Road Metro Station
254A,DOWN,4,STOP_IFFCO_CHOWK_A,Iffco Chowk (A)
254A,DOWN,5,STOP_SUKHRALI_SEC_17_C,Sukhrali/Sec 17 C
254A,DOWN,6,STOP_SECTOR_14_IDC,Sector - 14 / IDC
254A,DOWN,7,STOP_CANAL_COLONY,Canal Colony
254A,DOWN,8,STOP_ITI_COLONY_OLD_DLF,ITI Colony Old DLF
254A,DOWN,9,STOP_GOVT_GIRLS_COLLEGE_ANAMIKA_ENCLAVE,Govt Girls College Anamika Enclave
254A,DOWN,10,STOP_PATEL_NAGAR_VYAPAR_KENDRA,Patel Nagar Vyapar Kendra
254A,DOWN,11,STOP_MAHAVEER_CHOWK_GAUSHALA_GROUND,Mahaveer Chowk Gaushala Ground
256,UP,1,STOP_MAHAVEER_CHOWK_GAUSHALA_GROUND,Mahaveer Chowk Gaushala Ground
256,UP,2,STOP_CIVIL_HOSPITAL,Civil Hospital
256,UP,3,STOP_KAMLA_NEHRU_PARK,Kamla Nehru Park
256,UP,4,STOP_SOHNA_CHOWK,Sohna Chowk
256,UP,5,STOP_BHUTESHWAR_MANDIR_CHOWK,Bhuteshwar Mandir Chowk
256,UP,6,STOP_VEER_NAGAR,Veer Nagar
256,UP,7,STOP_SHAKTI_NAGAR,Shakti Nagar
256,UP,8,STOP_SHIV_NAGAR,Shiv Nagar
256,UP,9,STOP_KADIPUR_VILLAGE_SECTOR_10,Kadipur Village / Sector - 10
256,UP,10,STOP_KADIPUR_CHOWK_SECTOR_10A,Kadipur Chowk / Sector - 10A
256,UP,11,STOP_SECTOR_10,Sector - 10
256,UP,12,STOP_ALPINE_SCHOOL_SECTOR_10_37C,"Alpine School, Sector - 10/37C"
256,UP,13,STOP_BASAI_CHOWK,Basai Chowk
256,UP,14,STOP_BASAI_DHANKOT_RAILWAY_STATION,Basai Dhankot Railway Station
256,UP,15,STOP_SECTOR_100_DWARKA_EXPRESSWAY,Sector- 100 Dwarka Expressway
256,UP,16,STOP_SECTOR_99_100_DWARKA_EXPRESSWAY_FOB,Sector- 99/100 Dwarka Expressway FOB
256,UP,17,STOP_SECTOR_37D_DWARKA_EXPRESSWAY,Sector- 37D Dwarka Expressway
256,UP,18,STOP_SECTOR_37D_88A_88B_DWARKA_EXPRESSWAY_FOB,Sector- 37D/88A-88B Dwarka Expressway FOB
256,UP,19,STOP_DWARKA_EXPRESSWAY_HARSARU_VILLAGE,Dwarka Expressway Harsaru Village
256,UP,20,STOP_HARSARU_VILLAGE,Harsaru Village
256,UP,21,STOP_GHARI_MODE,Ghari Mode
256,UP,22,STOP_SALIG_KI_DHANI,Salig Ki Dhani
256,UP,23,STOP_HAYATPUR_IMT_MODE,Hayatpur (IMT Mode)
256,UP,24,STOP_AARVY_HOSPITAL_RPS_SCHOOL_SEC_90,Aarvy Hospital/RPS School Sec- 90
256,UP,25,STOP_BADA_VILLAGE_SECTOR_86,"Bada Village , Sector - 86"
256,UP,26,STOP_NTH_86_SECTOR_86,NTH - 86 / Sector - 86
256,UP,27,STOP_SECTOR_86_CHOWK,Sector - 86 Chowk
256,UP,28,STOP_GURUGRAM_UNIVERSITY_SECTOR_87,Gurugram University Sector - 87
221A,UP,1,STOP_GURUGRAM_RAILWAY_STATION,Gurugram Railway Station
221A,UP,2,STOP_SECTOR_5_LAXMAN_VIHAR_CHOWK,Sector - 5 Laxman Vihar Chowk
221A,UP,3,STOP_SECTOR_4_5,Sector - 4/5
221A,UP,4,STOP_BHIM_NAGAR_DAYANAND_COLONY,BHIM NAGAR DAYANAND COLONY
221A,UP,5,STOP_NEW_COLONY_BHIM_NAGAR,NEW COLONY/BHIM NAGAR
221A,UP,6,STOP_NEW_COLONY_SUBHASH_NAGAR,NEW COLONY/SUBHASH NAGAR
221A,UP,7,STOP_SUBHASH_NAGAR_PRATAP_NAGAR,SUBHASH NAGAR/PRATAP NAGAR
221A,UP,8,STOP_SOHNA_CHOWK,SOHNA CHOWK
221A,UP,9,STOP_COMMISSIONER_OF_POLICE_OFFICE_SCERT_HARYANA,Commissioner of Police Office /SCERT Haryana
221A,UP,10,STOP_DISTRICT_SECRETARIAT_COURT_COMPLEX_B_AND_R_REST_HOUSE,District Secretariat Court Complex / B and R Rest House
221A,UP,11,STOP_RAJIV_CHOWK,Rajiv Chowk
221A,UP,12,STOP_TAU_DEVI_LAL_SPORTS_COMPLEX,Tau Devi Lal Sports Complex
221A,UP,13,STOP_ISLAMPUR_VILLAGE,ISLAMPUR VILLAGE
221A,UP,14,STOP_SUBHASH_CHOWK,Subhash Chowk
221A,UP,15,STOP_MALIBU_TOWN,Malibu Town
221A,UP,16,STOP_SECTOR_48_49_SOUTH_CITY_II,"Sector - 48/49 , South City II"
221A,UP,17,STOP_CD_CHOWK,CD Chowk
221A,UP,18,STOP_VATIKA_BUSINESS_PARK,Vatika Business Park
221A,UP,19,STOP_SHAHEED_UDHAM_SINGH_CHOWK,Shaheed Udham Singh Chowk
221A,UP,20,STOP_BADSHAHPUR,Badshahpur
221A,DOWN,1,STOP_BADSHAHPUR,Badshahpur
221A,DOWN,2,STOP_SHAHEED_UDHAM_SINGH_CHOWK,Shaheed Udham Singh Chowk
221A,DOWN,3,STOP_VATIKA_BUSINESS_PARK,Vatika Business Park
221A,DOWN,4,STOP_CD_CHOWK,CD Chowk
221A,DOWN,5,STOP_SECTOR_48_49_SOUTH_CITY_II,"Sector - 48/49 , South City II"
221A,DOWN,6,STOP_MALIBU_TOWN,Malibu Town
221A,DOWN,7,STOP_SUBHASH_CHOWK,Subhash Chowk
221A,DOWN,8,STOP_ISLAMPUR_VILLAGE,Islampur Village
221A,DOWN,9,STOP_TAU_DEVI_LAL_SPORTS_COMPLEX,Tau Devi Lal Sports Complex
221A,DOWN,10,STOP_RAJIV_CHOWK,Rajiv Chowk
221A,DOWN,11,STOP_DISTRICT_SECRETARIAT_COURT_COMPLEX_B_AND_R_REST_HOUSE,District Secretariat Court Complex / B and R Rest House
221A,DOWN,12,STOP_COMMISSIONER_OF_POLICE_OFFICE_SCERT_HARYANA,Commissioner of Police Office /SCERT Haryana
221A,DOWN,13,STOP_SOHNA_CHOWK,SOHNA CHOWK
221A,DOWN,14,STOP_SUBHASH_NAGAR_PRATAP_NAGAR,SUBHASH NAGAR/PRATAP NAGAR
221A,DOWN,15,STOP_NEW_COLONY_SUBHASH_NAGAR,NEW COLONY/SUBHASH NAGAR
221A,DOWN,16,STOP_NEW_COLONY_BHIM_NAGAR,NEW COLONY/BHIM NAGAR
221A,DOWN,17,STOP_BHIM_NAGAR_DAYANAND_COLONY,BHIM NAGAR DAYANAND COLONY
221A,DOWN,18,STOP_SECTOR_4_5,Sector - 4/5
221A,DOWN,19,STOP_SECTOR_5_LAXMAN_VIHAR_CHOWK,Sector - 5 Laxman Vihar Chowk
221A,DOWN,20,STOP_GURUGRAM_RAILWAY_STATION,Gurugram Railway Station
D202,UP,1,STOP_GURUGRAM_BUS_STAND,Gurugram Bus Stand
D202,UP,2,STOP_PATEL_NAGAR_VYAPAR_KENDRA,Patel Nagar Vyapar Kendra
D202,UP,3,STOP_GOVT_GIRLS_COLLEGE_ANAMIKA_ENCLAVE,Govt Girls College Anamika Enclave
D202,UP,4,STOP_ITI_COLONY_OLD_DLF,ITI Colony Old DLF
D202,UP,5,STOP_CANAL_COLONY,Canal Colony
D202,UP,6,STOP_SECTOR_14_IDC,Sector - 14 / IDC
D202,UP,7,STOP_SUKHRALI_SEC_17_C,Sukhrali/Sec 17 C
D202,UP,8,STOP_IFFCO_CHOWK,Iffco Chowk
D202,UP,9,STOP_M_G_ROAD_METRO_STATION,M G Road Metro Station
D202,UP,10,STOP_SAHARA_MALL,Sahara Mall
D202,UP,11,STOP_SIKANDERPUR_METRO_STATION,Sikanderpur Metro Station
D202,UP,12,STOP_GURU_DRONACHARYA_METRO_STATION,Guru Dronacharya Metro Station
D202,UP,13,STOP_ARAVALLI_BIO_DIVERSITY_PARK,Aravalli Bio Diversity Park
D202,UP,14,STOP_AYA_NAGAR,Aya Nagar
D202,UP,15,STOP_KHANPUR,Khanpur
D202,UP,16,STOP_BADARPUR_BORDER,Badarpur Border
D202,DOWN,1,STOP_BADARPUR_BORDER,Badarpur Border
D202,DOWN,2,STOP_KHANPUR,Khanpur
D202,DOWN,3,STOP_AYA_NAGAR,Aya Nagar
D202,DOWN,4,STOP_ARAVALLI_BIO_DIVERSITY_PARK,Aravalli Bio Diversity Park
D202,DOWN,5,STOP_GURU_DRONACHARYA_METRO_STATION,Guru Dronacharya Metro Station
D202,DOWN,6,STOP_SIKANDERPUR_METRO_STATION,Sikanderpur Metro Station
D202,DOWN,7,STOP_SAHARA_MALL,Sahara Mall
D202,DOWN,8,STOP_M_G_ROAD_METRO_STATION,M G Road Metro Station
D202,DOWN,9,STOP_IFFCO_CHOWK_A,Iffco Chowk (A)
D202,DOWN,10,STOP_SUKHRALI_SEC_17_C,Sukhrali/Sec 17 C
D202,DOWN,11,STOP_SECTOR_14_IDC,Sector - 14 / IDC
D202,DOWN,12,STOP_CANAL_COLONY,Canal Colony
D202,DOWN,13,STOP_ITI_COLONY_OLD_DLF,ITI Colony Old DLF
D202,DOWN,14,STOP_GOVT_GIRLS_COLLEGE_ANAMIKA_ENCLAVE,Govt Girls College Anamika Enclave
D202,DOWN,15,STOP_PATEL_NAGAR_VYAPAR_KENDRA,Patel Nagar Vyapar Kendra
D202,DOWN,16,STOP_GURUGRAM_BUS_STAND,Gurugram Bus Stand
212,UP,1,STOP_BASAI_TALAB,Basai Talab
212,UP,2,STOP_SECTOR_9_9A,Sector - 9/9A
212,UP,3,STOP_SECTOR_9_ESIC_HOSPITAL,Sector - 9 ESIC Hospital
212,UP,4,STOP_FIROZ_GANDHI_COLONY_2,Firoz Gandhi Colony 2
212,UP,5,STOP_SECTOR_4_POLICE_STATION,Sector - 4 Police Station
212,UP,6,STOP_SURYA_VIHAR,Surya Vihar
212,UP,7,STOP_LAXMAN_VIHAR,Laxman Vihar
212,UP,8,STOP_BABA_PRAKASHPURI_CHOWK,Baba Prakashpuri Chowk
212,UP,9,STOP_SECTOR_5_CHOWK,Sector - 5 Chowk
212,UP,10,STOP_SECTOR_5_RAMLILA_GROUND,Sector - 5 Ramlila Ground
212,UP,11,STOP_SHEETLA_MATA_MANDIR_B,Sheetla Mata Mandir (B)
212,UP,12,STOP_SHEETLA_MATA_MANDIR_A,Sheetla Mata Mandir (A)
212,UP,13,STOP_CRPF_CAMP_CHOWK,CRPF Camp Chowk
212,UP,14,STOP_SANJAY_GRAM,Sanjay Gram
212,UP,15,STOP_PATTHAR_MARKET,Patthar Market
212,UP,16,STOP_ATUL_KATARIA_CHOWK,Atul Kataria Chowk
212,UP,17,STOP_AIRFORCE_STATION,Airforce Station
212,UP,18,STOP_SECTOR_17_18_OLD_DELHI_ROAD,Sector - 17/18 Old Delhi Road
212,UP,19,STOP_SECTOR_17B_18,Sector - 17B-18
212,UP,20,STOP_SBI,SBI
212,UP,21,STOP_IFFCO_CHOWK,Iffco Chowk
212,UP,22,STOP_IFFCO_CHOWK_FOB_PLATINUM_TOWER,Iffco Chowk FOB / Platinum Tower
212,UP,23,STOP_IFFCO_CHOWK_METRO_STATION_B,Iffco Chowk Metro Station (B)
212,UP,24,STOP_SECTOR_29_POLICE_STATION,Sector - 29 Police Station
212,UP,25,STOP_HUDA_CITY_CENTRE_METRO_STATION_B,Huda City Centre Metro Station (B)
212,UP,26,STOP_FORTIS_MEMORIAL_RESEARCH_INSTITUTE_B_HUDA_CITY_CENTRE,Fortis Memorial Research Institute (B)-Huda City Centre
212,UP,27,STOP_SECTOR_44,Sector - 44
212,UP,28,STOP_SECTOR_45_SOUTH_CITY_I,Sector - 45 South City - I
212,UP,29,STOP_SECTOR_39_45,Sector - 39/45
212,UP,30,STOP_UNITECH_CYBER_PARK_B,Unitech Cyber Park (B)
212,UP,31,STOP_SECTOR_46,Sector - 46
212,UP,32,STOP_BAKHTAWAR_CHOWK_A,Bakhtawar Chowk (A)
212,UP,33,STOP_SECTOR_38,Sector - 38
212,UP,34,STOP_SECTOR_38_47_B,Sector - 38/47 (B)
212,UP,35,STOP_SECTOR_38_47_A,Sector - 38/47 (A)
212,UP,36,STOP_SUBHASH_CHOWK,Subhash Chowk
212,UP,37,STOP_CENTRAL_PARK_2,Central Park 2
212,UP,38,STOP_SECTOR_48_SEZ,Sector - 48 SEZ
212,UP,39,STOP_SECTOR_33_34_MARBLE_MARKET,Sector - 33/34 Marble Market
212,UP,40,STOP_SECTOR_34_NAGAR_NIGAM,Sector - 34 Nagar Nigam
212,UP,41,STOP_HERO_HONDA,Hero Honda
212,UP,42,STOP_HERO_HONDA_CHOWK,Hero Honda Chowk
212,UP,43,STOP_SECTOR_37,Sector - 37
212,UP,44,STOP_KHANDSA_CHOWK,Khandsa Chowk
212,UP,45,STOP_SECTOR_10A_37,Sector - 10A-37
212,UP,46,STOP_SARASWATI_ENCLAVE,Saraswati Enclave
212,UP,47,STOP_SECTOR_10,Sector - 10
212,UP,48,STOP_ALPINE_SCHOOL_SECTOR_10_37C,"Alpine School, Sector - 10/37C"
212,UP,49,STOP_BASAI_CHOWK,Basai Chowk
212,UP,50,STOP_BHAWANI_ENCLAVE,Bhawani Enclave
212,UP,51,STOP_BASAI_TALAB,Basai Talab
212,DOWN,1,STOP_SECTOR_10,Sector - 10
212,DOWN,2,STOP_SARASWATI_ENCLAVE,Saraswati Enclave
212,DOWN,3,STOP_SECTOR_10A_37,Sector - 10A-37
212,DOWN,4,STOP_KHANDSA_CHOWK,Khandsa Chowk
212,DOWN,5,STOP_SECTOR_37,Sector - 37
212,DOWN,6,STOP_HERO_HONDA_CHOWK,Hero Honda Chowk
212,DOWN,7,STOP_HERO_HONDA,Hero Honda
212,DOWN,8,STOP_SECTOR_34_NAGAR_NIGAM,Sector - 34 Nagar Nigam
212,DOWN,9,STOP_SECTOR_33_34_MARBLE_MARKET,Sector - 33/34 Marble Market
212,DOWN,10,STOP_SECTOR_48_SEZ,Sector - 48 SEZ
212,DOWN,11,STOP_CENTRAL_PARK_2,Central Park 2
212,DOWN,12,STOP_SUBHASH_CHOWK,Subhash Chowk
212,DOWN,13,STOP_SECTOR_38_47_A,Sector - 38/47 (A)
212,DOWN,14,STOP_SECTOR_38_47_B,Sector - 38/47 (B)
212,DOWN,15,STOP_SECTOR_38,Sector - 38
212,DOWN,16,STOP_BAKHTAWAR_CHOWK_A,Bakhtawar Chowk (A)
212,DOWN,17,STOP_BAKHTAWAR_CHOWK_B,Bakhtawar Chowk (B)
212,DOWN,18,STOP_SECTOR_46,Sector - 46
212,DOWN,19,STOP_UNITECH_CYBER_PARK_A,Unitech Cyber Park (A)
212,DOWN,20,STOP_UNITECH_CYBER_PARK_B,Unitech Cyber Park (B)
212,DOWN,21,STOP_SECTOR_39_45,Sector - 39/45
212,DOWN,22,STOP_SECTOR_40,Sector - 40
212,DOWN,23,STOP_SECTOR_45_SOUTH_CITY_I,Sector - 45 South City - I
212,DOWN,24,STOP_SECTOR_44,Sector - 44
212,DOWN,25,STOP_FORTIS_MEMORIAL_RESEARCH_INSTITUTE_A_HUDA_CITY_CENTRE,Fortis Memorial Research Institute (A)-Huda City Centre
212,DOWN,26,STOP_HUDA_CITY_CENTRE_METRO_STATION_B,Huda City Centre Metro Station (B)
212,DOWN,27,STOP_SECTOR_29_POLICE_STATION,Sector - 29 Police Station
212,DOWN,28,STOP_MILENNIUM_PLAZA,Milennium Plaza
212,DOWN,29,STOP_IFFCO_CHOWK_METRO_STATION,Iffco Chowk Metro Station
212,DOWN,30,STOP_IFFCO_CHOWK_A,Iffco Chowk (A)
212,DOWN,31,STOP_IFFCO_CHOWK_NH48,Iffco Chowk-NH48
212,DOWN,32,STOP_SECTOR_17B_18,Sector 17B -18
212,DOWN,33,STOP_PASCO_MOTORS,Pasco Motors
212,DOWN,34,STOP_SECTOR_17_18_OLD_DELHI_ROAD,Sector - 17/18 Old Delhi Road
212,DOWN,35,STOP_AIRFORCE_STATION,Airforce Station
212,DOWN,36,STOP_ATUL_KATARIA_CHOWK,Atul Kataria Chowk
212,DOWN,37,STOP_PATTHAR_MARKET,Patthar Market
212,DOWN,38,STOP_SANJAY_GRAM,Sanjay Gram
212,DOWN,39,STOP_CRPF_CAMP_CHOWK,CRPF Camp Chowk
212,DOWN,40,STOP_SHEETLA_MATA_MANDIR_A,Sheetla Mata Mandir (A)
212,DOWN,41,STOP_SHEETLA_MATA_MANDIR_B,Sheetla Mata Mandir (B)
212,DOWN,42,STOP_SECTOR_5_RAMLILA_GROUND,Sector - 5 Ramlila Ground
212,DOWN,43,STOP_SECTOR_5_CHOWK,Sector - 5 Chowk
212,DOWN,44,STOP_BABA_PRAKASHPURI_CHOWK_B,Baba Prakashpuri Chowk (B)
212,DOWN,45,STOP_BABA_PRAKASHPURI_CHOWK_A,Baba Prakashpuri Chowk (A)
212,DOWN,46,STOP_LAXMAN_VIHAR,Laxman Vihar
212,DOWN,47,STOP_SURYA_VIHAR,Surya Vihar
212,DOWN,48,STOP_SECTOR_4_POLICE_STATION,Sector - 4 Police Station
212,DOWN,49,STOP_SECTOR_9_ESIC_HOSPITAL,Sector - 9 ESIC Hospital
212,DOWN,50,STOP_SECTOR_9_9A,Sector - 9/9A
212,DOWN,51,STOP_BASAI_TALAB,Basai Talab
212,DOWN,52,STOP_BHAWANI_ENCLAVE,Bhawani Enclave
212,DOWN,53,STOP_BASAI_CHOWK,Basai Chowk
212,DOWN,54,STOP_ALPINE_SCHOOL_SECTOR_10_37C,"Alpine School, Sector - 10/37C"
212,DOWN,55,STOP_SECTOR_10,Sector - 10
132B,UP,1,STOP_HERO_HONDA_CHOWK,Hero Honda Chowk
132B,UP,2,STOP_SECTOR_33_TRANSPORT_NAGAR,"Sector- 33 , Transport Nagar"
132B,UP,3,STOP_NAHARPUR_RUPA_VILLAGE_UNDERPASS_NH_48,Naharpur Rupa Village Underpass - NH 48
132B,UP,4,STOP_RAJIV_COLONY_FOB,Rajiv Colony FOB
132B,UP,5,STOP_RAJIV_CHOWK,Rajiv Chowk
132B,UP,6,STOP_SECTOR_15_PART_I_NH_48,Sector - 15 (Part - I) - NH 48
132B,UP,7,STOP_SECTOR_15_PART_II_NH_48_STAR_MALL,Sector - 15 (Part - II) - NH 48 / Star Mall
132B,UP,8,STOP_SIGNATURE_TOWER,Signature Tower
132B,UP,9,STOP_IFFCO_CHOWK_NH_48,Iffco Chowk - NH 48
132B,UP,10,STOP_UDYOG_VIHAR_SECTOR_18C_NH_48,Udyog Vihar / Sector - 18C - NH 48
132B,UP,11,STOP_SHYAM_CHOWK,Shyam Chowk
132B,UP,12,STOP_SHANKAR_CHOWK_A_NH_48,Shankar Chowk (A) NH 48
132B,UP,13,STOP_UDYOG_VIHAR_PHASE_II_III,Udyog Vihar Phase - II / III
132B,UP,14,STOP_UDYOG_VIHAR_PHASE_V,Udyog Vihar Phase - V
132B,UP,15,STOP_RAM_CHOWK_DUNDAHERA,Ram Chowk Dundahera
132B,UP,16,STOP_HANUMAN_MANDIR_CHOWK,Hanuman Mandir Chowk
132B,UP,17,STOP_DUNDAHERA,Dundahera
132B,DOWN,1,STOP_DUNDAHERA,Dundahera
132B,DOWN,2,STOP_HANUMAN_MANDIR_CHOWK,Hanuman Mandir Chowk
132B,DOWN,3,STOP_RAM_CHOWK_DUNDAHERA,Ram Chowk Dundahera
132B,DOWN,4,STOP_UDYOG_VIHAR_PHASE_V,Udyog Vihar Phase - V
132B,DOWN,5,STOP_UDYOG_VIHAR_PHASE_II_III,Udyog Vihar Phase - II / III
132B,DOWN,6,STOP_SHANKAR_CHOWK_B_NH_48,Shankar Chowk (B) NH 48
132B,DOWN,7,STOP_AMBIENCE_MALL,Ambience Mall
132B,DOWN,8,STOP_SHANKAR_CHOWK_A_NH_48,Shankar Chowk (A) NH 48
132B,DOWN,9,STOP_DLF_PHASE_II_BLOCK_M_NH48,DLF Phase - II (Block M) - NH48
132B,DOWN,10,STOP_DLF_PHASE_II_BLOCK_L_NH48,DLF Phase - II (Block L) - NH48
132B,DOWN,11,STOP_IFFCO_CHOWK_A,Iffco Chowk (A)
132B,DOWN,12,STOP_SIGNATURE_TOWER,Signature Tower
132B,DOWN,13,STOP_STAR_MALL_NH_48,Star Mall - NH 48
132B,DOWN,14,STOP_SECTOR_31_NH_48,Sector - 31 NH 48
132B,DOWN,15,STOP_RAJIV_CHOWK,Rajiv Chowk
132B,DOWN,16,STOP_RAJIV_COLONY_FOB,Rajiv Colony FOB
132B,DOWN,17,STOP_NAHARPUR_RUPA_VILLAGE_UNDERPASS_NH_48,Naharpur Rupa Village Underpass - NH 48
132B,DOWN,18,STOP_SECTOR_33_TRANSPORT_NAGAR,"Sector - 33 , Transport Nagar"
132B,DOWN,19,STOP_HERO_HONDA_CHOWK,Hero Honda Chowk
116E,UP,1,STOP_HUDA_CITY_CENTRE_METRO_STATION_B,Huda City Centre Metro Station (B)
116E,UP,2,STOP_SECTOR_29_POLICE_STATION,Sector - 29 Police Station
116E,UP,3,STOP_SECTOR_29,Sector - 29
116E,UP,4,STOP_SOUTH_CITY_1_SECTOR_29,South City 1 Sector - 29
116E,UP,5,STOP_SECTOR_29_30,Sector - 29/30
116E,UP,6,STOP_GYMKHANA_CLUB_SECTOR_29_30,Gymkhana Club Sector - 29/30
116E,UP,7,STOP_MANAGEMENT_DEVELOPMENT_INSTITUTE_IDC,Management Development Institute / IDC
116E,UP,8,STOP_SECTOR_14_IDC,Sector - 14 / IDC
116E,UP,9,STOP_CANAL_COLONY,Canal Colony
116E,UP,10,STOP_ITI_COLONY_OLD_DLF,ITI Colony Old DLF
116E,UP,11,STOP_GOVT_GIRLS_COLLEGE_ANAMIKA_ENCLAVE,Govt Girls College Anamika Enclave
116E,UP,12,STOP_PATEL_NAGAR_VYAPAR_KENDRA,Patel Nagar Vyapar Kendra
116E,UP,13,STOP_MAHAVEER_CHOWK_GAUSHALA_GROUND,Mahaveer Chowk Gaushala Ground
116E,UP,14,STOP_JACOBPURA_LAJPAT_NAGAR,Jacobpura Lajpat Nagar
116E,UP,15,STOP_JACOBPURA_MIYAN_WALI_COLONY,Jacobpura Miyan Wali Colony
116E,UP,16,STOP_BHIM_NAGAR_CHOWK,Bhim Nagar Chowk
116E,UP,17,STOP_SECTOR_4_7_OLD_RAILWAY_ROAD,Sector - 4/7 Old Railway Road
116E,UP,18,STOP_SECTOR_4_5,Sector - 4/5
116E,UP,19,STOP_SECTOR_5_LAXMAN_VIHAR_CHOWK,Sector - 5 Laxman Vihar Chowk
116E,UP,20,STOP_LAXMAN_VIHAR_ASHOK_VIHAR,Laxman Vihar Ashok Vihar
116E,UP,21,STOP_GURUGRAM_RAILWAY_ST_BUS_STOP,Gurugram Railway St Bus stop
116E,DOWN,1,STOP_GURUGRAM_RAILWAY_ST_BUS_STOP,Gurugram Railway St Bus Stop
116E,DOWN,2,STOP_LAXMAN_VIHAR_ASHOK_VIHAR,Laxman Vihar Ashok Vihar
116E,DOWN,3,STOP_SECTOR_5_LAXMAN_VIHAR_CHOWK,Sector - 5 Laxman Vihar Chowk
116E,DOWN,4,STOP_SECTOR_4_5,Sector - 4/5
116E,DOWN,5,STOP_SECTOR_4_7_OLD_RAILWAY_ROAD,Sector - 4/7 Old Railway Road
116E,DOWN,6,STOP_BHIM_NAGAR_CHOWK,Bhim Nagar Chowk
116E,DOWN,7,STOP_JACOBPURA_MIYAN_WALI_COLONY,Jacobpura Miyan Wali Colony
116E,DOWN,8,STOP_JACOBPURA_LAJPAT_NAGAR,Jacobpura Lajpat Nagar
116E,DOWN,9,STOP_MAHAVEER_CHOWK_GAUSHALA_GROUND,Mahaveer Chowk Gaushala Ground
116E,DOWN,10,STOP_PATEL_NAGAR_VYAPAR_KENDRA,Patel Nagar Vyapar Kendra
116E,DOWN,11,STOP_GOVT_GIRLS_COLLEGE_ANAMIKA_ENCLAVE,Govt Girls College Anamika Enclave
116E,DOWN,12,STOP_ITI_COLONY_OLD_DLF,ITI Colony Old DLF
116E,DOWN,13,STOP_CANAL_COLONY,Canal Colony
116E,DOWN,14,STOP_SECTOR_14_IDC,Sector - 14 / IDC
116E,DOWN,15,STOP_MANAGEMENT_DEVELOPMENT_INSTITUTE_IDC,Management Development Institute / IDC
116E,DOWN,16,STOP_GYMKHANA_CLUB_SECTOR_29_30,Gymkhana Club Sector - 29/30
116E,DOWN,17,STOP_SECTOR_29_30,Sector - 29/30
116E,DOWN,18,STOP_SOUTH_CITY_1_SECTOR_29,South City 1 Sector - 29
116E,DOWN,19,STOP_SECTOR_29,Sector- 29
116E,DOWN,20,STOP_SEC_29_POLICE_STATION,Sec 29 Police Station
116E,DOWN,21,STOP_HUDA_CITY_CENTRE_METRO_STATION_B,Huda City Centre Metro Station (B)
111G,UP,1,STOP_SECTOR_55_56_METRO_STATION,Sector - 55/56 Metro Station
111G,UP,2,STOP_HARYANA_VIDYUT_PRASARAN_NIGAM,Haryana Vidyut Prasaran Nigam
111G,UP,3,STOP_CLUB_FLORANCE,Club Florance
111G,UP,4,STOP_RAJESH_PILOT_GUAJAR_CHOWK,Rajesh Pilot Guajar Chowk
111G,UP,5,STOP_PIONEER_PARK_SECTOR_61,Pioneer Park /Sector 61
111G,UP,6,STOP_ULLAHAWAS_VILLAGE_SECTOR_60_63,Ullahawas Village/ Sector-60/63
111G,UP,7,STOP_MEDAWAS_SEC_64_65,"Medawas, Sec- 64/65"
111G,UP,8,STOP_BHUAPUR_SEC_64_65,"Bhuapur, Sec- 64/65"
111G,UP,9,STOP_BADSHAHPUR,Badshahpur
111G,UP,10,STOP_SHAHEED_UDHAM_SINGH_CHOWK,Shaheed Udham Singh Chowk
111G,UP,11,STOP_EMAAR_THE_PALM_SQUARE_VATIKA_PROFESSIONAL_POINT,Emaar/The Palm Square/Vatika Professional Point
111G,UP,12,STOP_ST_XAVIERS_SCHOOL,St. Xaviers School
111G,UP,13,STOP_NIRVANA_COUNTRY,Nirvana Country
111G,UP,14,STOP_SPLENDOR_TRADE_TOWER_HAVELLS,Splendor Trade Tower/Havells
111G,UP,15,STOP_SECTOR_57_CHOWK_SUSHANT_LOK_III_EXT,Sector - 57 Chowk / Sushant Lok-III Ext.
111G,UP,16,STOP_VISION_TOWER_SECTOR_62,Vision Tower Sector 62
111G,UP,17,STOP_RAJESH_PILOT_GURJAR_CHOWK,Rajesh Pilot Gurjar Chowk
111G,UP,18,STOP_CLUB_FLORANCE,Club Florance
111G,UP,19,STOP_HARYANA_VIDYUT_PRASARAN_NIGAM,Haryana Vidyut Prasaran Nigam
111G,UP,20,STOP_SECTOR_55_56_METRO_STATION,Sector - 55/56 Metro Station
111G,DOWN,1,STOP_SECTOR_55_56_METRO_STATION,Sector - 55/56 Metro Station
111G,DOWN,2,STOP_HARYANA_VIDYUT_PRASARAN_NIGAM,Haryana Vidyut Prasaran Nigam
111G,DOWN,3,STOP_CLUB_FLORANCE,Club Florance
111G,DOWN,4,STOP_RAJESH_PILOT_GUAJAR_CHOWK,Rajesh Pilot Guajar Chowk
111G,DOWN,5,STOP_RAJESH_PILOT_GUAJAR_CHOWK,Rajesh Pilot Guajar Chowk
111G,DOWN,6,STOP_VISION_TOWER_SECTOR_62,Vision Tower Sector 62
111G,DOWN,7,STOP_SECTOR_57_CHOWK_SUSHANT_LOK_III_EXT,Sector - 57 Chowk / Sushant Lok-III Ext.
111G,DOWN,8,STOP_SPLENDOR_TRADE_TOWER_HAVELLS,Splendor Trade Tower/Havells
111G,DOWN,9,STOP_NIRVANA_COUNTRY,Nirvana Country
111G,DOWN,10,STOP_ST_XAVIERS_SCHOOL,St. Xaviers School
111G,DOWN,11,STOP_EMAAR_THE_PALM_SQUARE_VATIKA_PROFESSIONAL_POINT,Emaar/The Palm Square/Vatika Professional Point
111G,DOWN,12,STOP_SHAHEED_UDHAM_SINGH_CHOWK,Shaheed Udham Singh Chowk
111G,DOWN,13,STOP_BADSHAHPUR,Badshahpur
111G,DOWN,14,STOP_BHUAPUR_SEC_64_65,"Bhuapur, Sec- 64/65"
111G,DOWN,15,STOP_MEDAWAS_SEC_64_65,"Medawas, Sec- 64/65"
111G,DOWN,16,STOP_ULLAHAWAS_VILLAGE_SECTOR_60_63,Ullahawas Village/ Sector-60/63
111G,DOWN,17,STOP_PIONEER_PARK_SECTOR_61,Pioneer Park /Sector 61
111G,DOWN,18,STOP_RAJESH_PILOT_GURJAR_CHOWK,Rajesh Pilot Gurjar Chowk
111G,DOWN,19,STOP_CLUB_FLORANCE,Club Florance
111G,DOWN,20,STOP_HARYANA_VIDYUT_PRASARAN_NIGAM,Haryana Vidyut Prasaran Nigam
111G,DOWN,21,STOP_SECTOR_55_56_METRO_STATION,Sector - 55/56 Metro Station
112A,UP,1,STOP_SHANKAR_CHOWK_A_NH_48,Shankar Chowk (A) NH 48
112A,UP,2,STOP_UDYOG_VIHAR_PHASE_II_III,Udyog Vihar Phase - II / III
112A,UP,3,STOP_UDYOG_VIHAR_PHASE_V,Udyog Vihar Phase - V
112A,UP,4,STOP_RAM_CHOWK_DUNDAHERA,Ram Chowk Dundahera
112A,UP,5,STOP_HANUMAN_MANDIR_DUNDAHERA,Hanuman Mandir Dundahera
112A,UP,6,STOP_CANDOR_IT_SEZ_SECTOR_22,Candor IT SEZ Sector -22
112A,UP,7,STOP_SHREE_KRISHNA_CHOWK,Shree Krishna Chowk
112A,UP,8,STOP_PALAM_VIHAR_CHOWK,Palam Vihar Chowk
112A,UP,9,STOP_HSVP_MARKET_SECTOR22_MAJOR_SUSHIL_AIMA_MARG,"HSVP Market Sector22, Major (Sushil Aima Marg)"
112A,UP,10,STOP_TAU_DEVI_LAL_PARK_MAJOR_SUSHIL_AIMA_MARG,"Tau Devi Lal Park, Major Sushil Aima Marg"
112A,UP,11,STOP_SECTOR_23_GATE_NO_1_23_A_MAJOR_SHUSHIL_AIMA_MARG,"Sector 23 Gate no 1 / 23(A), Major Shushil Aima Marg"
112A,UP,12,STOP_SECTOR_23_GATE_NO_2_23_A_MAJOR_SHUSHIL_AIMA_MARG,"Sector 23 Gate no 2 / 23(A), Major Shushil Aima Marg"
112A,UP,13,STOP_SECTOR_23_GATE_NO_3_23_A_MAJOR_SHUSHIL_AIMA_MARG,"Sector 23 Gate no 3 / 23(A), Major Shushil Aima Marg"
112A,UP,14,STOP_REZANG_LA_CHOWK_MAJOR_SUSHIL_AIMA_MARG,"Rezang La Chowk, Major Sushil Aima Marg"
112A,UP,15,STOP_COLUMBIA_ASIA_HOSPITAL,Columbia Asia Hospital
112A,UP,16,STOP_CARTERPURI_VILLAGE,Carterpuri Village
112A,UP,17,STOP_DHARAM_COLONY,Dharam Colony
112A,UP,18,STOP_KRISHNA_CHOWK_PALAM_VIHAR,Krishna Chowk Palam Vihar
112A,UP,19,STOP_PALAM_VIHAR_BLOCK_C1_ASHOK_VIHAR_PHASE_III_BLOCK_G_H_AND_J,"Palam Vihar Block C1/Ashok Vihar Phase III Block G,H and J"
112A,UP,20,STOP_PARK_VIEW_RESIDENCY,Park View Residency
112A,UP,21,STOP_ASHOK_VIHAR_PHASE_III_EXTENSION,Ashok Vihar Phase III Extension
112A,UP,22,STOP_ASHOK_VIHAR_PHASE_2_PETROL_PUMP,Ashok Vihar Phase 2 Petrol Pump
112A,UP,23,STOP_SECTOR_5_CHOWK,Sector - 5 Chowk
112A,UP,24,STOP_BABA_PRAKASHPURI_CHOWK_B,Baba Prakashpuri Chowk (B)
112A,UP,25,STOP_LAXMAN_VIHAR_ASHOK_VIHAR,Laxman Vihar Ashok Vihar
112A,UP,26,STOP_GURUGRAM_RAILWAY_STATION,Gurugram Railway Station
112A,DOWN,1,STOP_GURUGRAM_RAILWAY_STATION,Gurugram Railway Station
112A,DOWN,2,STOP_LAXMAN_VIHAR_ASHOK_VIHAR,Laxman Vihar Ashok Vihar
112A,DOWN,3,STOP_BABA_PRAKASHPURI_CHOWK,BABA PRAKASHPURI CHOWK
112A,DOWN,4,STOP_SECTOR_5_CHOWK,Sector - 5 Chowk
112A,DOWN,5,STOP_ASHOK_VIHAR_PHASE_2_PETROL_PUMP,Ashok Vihar Phase 2 Petrol Pump
112A,DOWN,6,STOP_ASHOK_VIHAR_PHASE_III_EXTENSION,Ashok Vihar Phase III Extension
112A,DOWN,7,STOP_PARK_VIEW_RESIDENCY,Park View Residency
112A,DOWN,8,STOP_PALAM_VIHAR_BLOCK_C1_ASHOK_VIHAR_PHASE_III_BLOCK_G_H_AND_J,"Palam Vihar Block C1/Ashok Vihar Phase III Block G,H and J"
112A,DOWN,9,STOP_KRISHNA_CHOWK_PALAM_VIHAR,Krishna Chowk Palam Vihar
112A,DOWN,10,STOP_DHARAM_COLONY,Dharam Colony
112A,DOWN,11,STOP_CARTERPURI_VILLAGE,Carterpuri Village
112A,DOWN,12,STOP_COLUMBIA_ASIA_HOSPITAL,Columbia Asia Hospital
112A,DOWN,13,STOP_REZANG_LA_CHOWK_MAJOR_SUSHIL_AIMA_MARG,"Rezang La Chowk, Major Sushil Aima Marg"
112A,DOWN,14,STOP_SECTOR_23_GATE_NO_3_23_A_MAJOR_SUSHIL_AIMA_MARG,"Sector 23 Gate no.3 / 23 (A), Major Sushil Aima Marg"
112A,DOWN,15,STOP_SECTOR_23_GATE_NO_2_23_A_MAJOR_SUSHIL_AIMA_MARG,"Sector 23 Gate no.2 / 23 (A), Major Sushil Aima Marg"
112A,DOWN,16,STOP_SECTOR_23_GATE_NO_1_23_A_MAJOR_SUSHIL_AIMA_MARG,"Sector 23 Gate no.1 / 23 (A), Major Sushil Aima Marg"
112A,DOWN,17,STOP_TAU_DEVI_LAL_PARK_MAJOR_SUSHIL_AIMA_MARG,"Tau Devi Lal Park, Major Sushil Aima Marg"
112A,DOWN,18,STOP_HSVP_MARKET_SECTOR22_MAJOR_SUSHIL_AIMA_MARG,"HSVP Market Sector22, Major (Sushil Aima Marg)"
112A,DOWN,19,STOP_PALAM_VIHAR_CHOWK,Palam Vihar Chowk
112A,DOWN,20,STOP_UDYOG_VIHAR_PHASE_IV,Udyog Vihar Phase- IV
112A,DOWN,21,STOP_CSD_UDYOG_VIHAR,CSD Udyog Vihar
112A,DOWN,22,STOP_UDYOG_VIHAR_PHASE_IV_A,Udyog Vihar Phase - IV (A)
112A,DOWN,23,STOP_SHYAM_CHOWK,Shyam Chowk
112A,DOWN,24,STOP_SHANKAR_CHOWK_A_NH_48,Shankar Chowk (A) NH 48
118,UP,2,STOP_HUDA_CITY_CENTRE_METRO_STATION_B,Huda City Centre Metro Station (B)
118,UP,3,STOP_FORTIS_MEMORIAL_RESEARCH_INSTITUTE_SEC_43,Fortis Memorial Research Institute/Sec-43
118,UP,4,STOP_SEC_43_SEC_44A,Sec-43/Sec-44A
118,UP,5,STOP_SEC_43_SEC_44B,Sec-43/Sec-44B
118,UP,6,STOP_SEC_43_SUSHANT_LOK_BLOCK_C_KANHAI_VILLAGE,Sec-43 Sushant Lok Block C/Kanhai Village
118,UP,7,STOP_ARDEE_CITY_WAZIRABAD,Ardee City/ Wazirabad
118,UP,8,STOP_AMBEDKAR_CHOWK_INDRA_COLONY,Ambedkar Chowk/ Indra Colony
118,UP,9,STOP_SAMASPUR_T_POINT,Samaspur T- Point
118,UP,10,STOP_MAYFIELD_GARDEN,Mayfield Garden
118,UP,11,STOP_GOOD_EARTH,Good Earth
118,UP,12,STOP_PARK_HOSPITAL,Park Hospital
118,UP,13,STOP_SECTOR_48_49_SOUTH_CITY_II,"Sector - 48/49 , South City II"
118,UP,14,STOP_CD_CHOWK,CD Chowk
118,UP,15,STOP_SHAHEED_UDHAM_SINGH_CHOWK,Shaheed Udham Singh Chowk
118,UP,16,STOP_BADSHAHPUR,Badshahpur
118,UP,17,STOP_POWER_COLONY_AIRIA_MALL_SECTOR_68,Power Colony / Airia Mall Sector - 68
118,UP,18,STOP_BHONDSI_JAIL_MODE,Bhondsi Jail Mode
118,UP,19,STOP_SECTOR_68_B_S_F_CAMP,Sector - 68 / B.S.F. Camp
118,UP,20,STOP_RAYAN_ENCLAVE_MOHAN_NAGAR,Rayan Enclave / Mohan Nagar
118,UP,21,STOP_MARUTI_KUNJ_MODE,Maruti Kunj Mode
118,UP,22,STOP_BHONDSI,Bhondsi
118,UP,23,STOP_POLICE_CHOWKI_BHONDSI,Police Chowki Bhondsi
118,UP,24,STOP_GHAMROJ,Ghamroj
118,UP,25,STOP_ALIPUR,Alipur
118,UP,26,STOP_DHUNELA,Dhunela
118,UP,27,STOP_BAND_COLONY_CHUNGI_NO_1,Band Colony/Chungi No. 1
118,UP,28,STOP_RAGHAV_VATIKA_CIVIL_HOSPITAL_DAMDAM_LAKE_MODE_CHILLED_POINT,Raghav Vatika/Civil Hospital/Damdam lake Mode/Chilled Point
118,UP,29,STOP_SOHNA_BUS_STAND,Sohna Bus Stand
118,DOWN,1,STOP_SOHNA_BUS_STAND,Sohna Bus Stand
118,DOWN,2,STOP_RAGHAV_VATIKA_CIVIL_HOSPITAL_DAMDAMA_LAKE_MODE_CHILLED_POINT,Raghav Vatika/Civil Hospital/Damdama Lake Mode/Chilled Point
118,DOWN,3,STOP_BAND_COLONY_CHUNGI_NO_1,Band Colony/Chungi No. 1
118,DOWN,4,STOP_DHUNELA,Dhunela
118,DOWN,5,STOP_ALIPUR,Alipur
118,DOWN,6,STOP_GHAMROJ,Ghamroj
118,DOWN,7,STOP_POLICE_CHOWKI_BHONDSI,Police Chowki Bhondsi
118,DOWN,8,STOP_BHONDSI,Bhondsi
118,DOWN,9,STOP_MARUTI_KUNJ_MODE,Maruti Kunj Mode
118,DOWN,10,STOP_RAYAN_ENCLAVE_MOHAN_NAGAR,Rayan Enclave / Mohan Nagar
118,DOWN,11,STOP_SECTOR_68_B_S_F_CAMP,Sector - 68 / B.S.F. Camp
118,DOWN,12,STOP_BHONDSI_JAIL_MODE,Bhondsi Jail Mode
118,DOWN,13,STOP_POWER_COLONY_AIRIA_MALL_SECTOR_68,Power Colony / Airia Mall Sector - 68
118,DOWN,14,STOP_BADSHAHPUR,Badshahpur
118,DOWN,15,STOP_SHAHEED_UDHAM_SINGH_CHOWK,Shaheed Udham Singh Chowk
118,DOWN,16,STOP_CD_CHOWK,CD Chowk
118,DOWN,17,STOP_SECTOR_48_49_SOUTH_CITY_II,"Sector - 48/49 , South City II"
118,DOWN,18,STOP_MALIBU_TOWN,Malibu Town
118,DOWN,19,STOP_PARK_HOSPITAL,Park Hospital
118,DOWN,20,STOP_GOOD_EARTH,Good Earth
118,DOWN,21,STOP_MAYFIELD_GARDEN,Mayfield Garden
118,DOWN,22,STOP_SAMASPUR_T_POINT,Samaspur T- Point
118,DOWN,23,STOP_AMBEDKAR_CHOWK_INDRA_COLONY,Ambedkar Chowk/ Indra Colony
118,DOWN,24,STOP_ARDEE_CITY_WAZIRABAD,Ardee City/ Wazirabad
118,DOWN,25,STOP_SEC_43_SUSHANT_LOK_BLOCK_C_KANHAI_VILLAGE,Sec-43 Sushant Lok Block C/Kanhai Village
118,DOWN,26,STOP_SEC_43_SEC_44B,Sec-43/Sec-44B
118,DOWN,27,STOP_SEC_43_SEC_44A,Sec-43/Sec-44A
118,DOWN,28,STOP_FORTIS_MEMORIAL_RESEARCH_INSTITUTE_SEC_43,Fortis Memorial Research Institute/Sec-43
118,DOWN,29,STOP_HUDA_CITY_CENTRE_METRO_STATION_B,Huda City Centre Metro Station (B)
114,UP,1,STOP_HUDA_CITY_CENTRE_METRO_STATION_B,Huda City Centre Metro Station (B)
114,UP,2,STOP_FORTIS_MEMORIAL_RESEARCH_INSTITUTE_SEC_43,Fortis Memorial Research Institute/Sec-43
114,UP,3,STOP_SEC_43_SEC_44A,Sec-43/Sec-44A
114,UP,4,STOP_SEC_43_SEC_44B,Sec-43/Sec-44B
114,UP,5,STOP_SEC_43_SUSHANT_LOK_BLOCK_C_KANHAI_VILLAGE,Sec-43 Sushant Lok Block C/Kanhai Village
114,UP,6,STOP_ARDEE_CITY_SECTOR_52_53,Ardee City Sector- 52-53
114,UP,7,STOP_HOUSING_BOARD_COLONY_SEC_52_53,Housing Board Colony Sec 52-53
114,UP,8,STOP_WAZIRABAD,Wazirabad
114,UP,9,STOP_AVIATION_HEIGHTS,Aviation Heights
114,UP,10,STOP_TAU_DEVILAL_BIODIVERSITY_PARK,Tau Devilal Biodiversity Park
114,UP,11,STOP_SECTOR_57,Sector- 57
114,UP,12,STOP_SECTOR_51,Sector - 51
114,UP,13,STOP_TIGRA_VILLAGE_CHOWK_SEC_51_GURUGRAM_UNIVERSITY,Tigra Village Chowk/Sec-51/Gurugram University
114,UP,14,STOP_LOTUS_VALLY_INTERNATIONAL_SCHOOL_SECTOR_50,Lotus Vally International School/Sector- 50
114,UP,15,STOP_BUSINESS_ZONE_SECTOR_50,Business Zone Sector- 50
114,DOWN,1,STOP_BUSINESS_ZONE_SECTOR_50,Business Zone Sector- 50
114,DOWN,2,STOP_LOTUS_VALLY_INTERNATIONAL_SCHOOL_SECTOR_50,Lotus Vally International School/Sector- 50
114,DOWN,3,STOP_TIGRA_VILLAGE_CHOWK_SEC_51_GURUGRAM_UNIVERSITY,Tigra Village Chowk/Sec-51/Gurugram University
114,DOWN,4,STOP_SECTOR_51,Sector - 51
114,DOWN,5,STOP_SECTOR_57,Sector- 57
114,DOWN,6,STOP_TAU_DEVILAL_BIODIVERSITY_PARK,Tau Devilal Biodiversity Park
114,DOWN,7,STOP_AVIATION_HEIGHTS,Aviation Heights
114,DOWN,8,STOP_WAZIRABAD,Wazirabad
114,DOWN,9,STOP_HOUSING_BOARD_COLONY_SEC_52_53,Housing Board Colony Sec 52-53
114,DOWN,10,STOP_ARDEE_CITY_SECTOR_52_53,Ardee City Sector- 52-53
114,DOWN,11,STOP_SEC_43_SUSHANT_LOK_BLOCK_C_KANHAI_VILLAGE,Sec-43 Sushant Lok Block C/Kanhai Village
114,DOWN,12,STOP_SEC_43_SEC_44B,Sec-43/Sec-44B
114,DOWN,13,STOP_SEC_43_SEC_44A,Sec-43/Sec-44A
114,DOWN,14,STOP_FORTIS_MEMORIAL_RESEARCH_INSTITUTE_SEC_43,Fortis Memorial Research Institute/Sec-43
114,DOWN,15,STOP_HUDA_CITY_CENTRE_METRO_STATION_B,Huda City Centre Metro Station (B)
127,UP,1,STOP_SIGNUM_107_SECTOR_107,Signum 107 / Sector -107
127,UP,2,STOP_SHAHEED_BHAGAT_SINGH_SAMARAK_DHARAMPUR,Shaheed Bhagat Singh Samarak Dharampur
127,UP,3,STOP_DHARAMPUR_HDFC_BANK_SECTOR_108,Dharampur HDFC Bank / Sector- 108
127,UP,4,STOP_DHARAMPUR_CHOWK,Dharampur Chowk
127,UP,5,STOP_PLAZA_MALL,Plaza Mall
127,UP,6,STOP_DAULATABAD_VILLAGE,Daulatabad Village
127,UP,7,STOP_GOVT_SENIOR_SECONDARY_SCHOOL_DAULATABAD,Govt. Senior Secondary School Daulatabad
127,UP,8,STOP_DWARKA_EXP_CHOWK_B_DAULTABAD,Dwarka Exp Chowk B Daultabad
127,UP,9,STOP_RAJENDRA_PARK,Rajendra Park
127,UP,10,STOP_GURUGRAM_RAILWAY_STATION,Gurugram Railway Station
127,UP,11,STOP_LAXMAN_VIHAR_ASHOK_VIHAR,Laxman Vihar Ashok Vihar
127,UP,12,STOP_SECTOR_5_LAXMAN_VIHAR_CHOWK,Sector - 5 Laxman Vihar Chowk
127,UP,13,STOP_SECTOR_4_5,Sector - 4/5
127,UP,14,STOP_SECTOR_4_7_OLD_RAILWAY_ROAD,Sector - 4/7 Old Railway Road
127,UP,15,STOP_BHIM_NAGAR_CHOWK,Bhim Nagar Chowk
127,UP,16,STOP_JACOBPURA_MIYAN_WALI_COLONY,Jacobpura Miyan Wali Colony
127,UP,17,STOP_JACOBPURA_LAJPAT_NAGAR,Jacobpura Lajpat Nagar
127,UP,18,STOP_MAHAVEER_CHOWK_GAUSHALA_GROUND,Mahaveer Chowk Gaushala Ground
127,UP,19,STOP_PATEL_NAGAR_VYAPAR_KENDRA,Patel Nagar Vyapar Kendra
127,UP,20,STOP_GOVT_GIRLS_COLLEGE_ANAMIKA_ENCLAVE,Govt Girls College Anamika Enclave
127,UP,21,STOP_ITI_COLONY_OLD_DLF,ITI Colony Old DLF
127,UP,22,STOP_CANAL_COLONY,Canal Colony
127,UP,23,STOP_SECTOR_14_IDC,Sector - 14 / IDC
127,UP,24,STOP_MANAGEMENT_DEVELOPMENT_INSTITUTE_IDC,Management Development Institute / IDC
127,UP,25,STOP_GYMKHANA_CLUB_SECTOR_29_30,Gymkhana Club Sector - 29/30
127,UP,26,STOP_SECTOR_29_30,Sector - 29/30
127,UP,27,STOP_SOUTH_CITY_1_SECTOR_29,South City 1 Sector - 29
127,UP,28,STOP_SECTOR_29,Sector- 29
127,UP,29,STOP_SEC_29_POLICE_STATION,Sec 29 Police Station
127,UP,30,STOP_HUDA_CITY_CENTRE_METRO_STATION_B,Huda City Centre Metro Station (B)
127,DOWN,1,STOP_HUDA_CITY_CENTRE_METRO_STATION_B,Huda City Centre Metro Station (B)
127,DOWN,2,STOP_SECTOR_29_POLICE_STATION,Sector - 29 Police Station
127,DOWN,3,STOP_SECTOR_29,Sector - 29
127,DOWN,4,STOP_SOUTH_CITY_1_SECTOR_29,South City 1 Sector - 29
127,DOWN,5,STOP_SECTOR_29_30,Sector - 29/30
127,DOWN,6,STOP_GYMKHANA_CLUB_SECTOR_29_30,Gymkhana Club Sector - 29/30
127,DOWN,7,STOP_MANAGEMENT_DEVELOPMENT_INSTITUTE_IDC,Management Development Institute / IDC
127,DOWN,8,STOP_SECTOR_14_IDC,Sector - 14 / IDC
127,DOWN,9,STOP_CANAL_COLONY,Canal Colony
127,DOWN,10,STOP_ITI_COLONY_OLD_DLF,ITI Colony Old DLF
127,DOWN,11,STOP_GOVT_GIRLS_COLLEGE_ANAMIKA_ENCLAVE,Govt Girls College Anamika Enclave
127,DOWN,12,STOP_PATEL_NAGAR_VYAPAR_KENDRA,Patel Nagar Vyapar Kendra
127,DOWN,13,STOP_MAHAVEER_CHOWK_GAUSHALA_GROUND,Mahaveer Chowk Gaushala Ground
127,DOWN,14,STOP_JACOBPURA_LAJPAT_NAGAR,Jacobpura Lajpat Nagar
127,DOWN,15,STOP_JACOBPURA_MIYAN_WALI_COLONY,Jacobpura Miyan Wali Colony
127,DOWN,16,STOP_BHIM_NAGAR_CHOWK,Bhim Nagar Chowk
127,DOWN,17,STOP_SECTOR_4_7_OLD_RAILWAY_ROAD,Sector - 4/7 Old Railway Road
127,DOWN,18,STOP_SECTOR_4_5,Sector - 4/5
127,DOWN,19,STOP_SECTOR_5_LAXMAN_VIHAR_CHOWK,Sector - 5 Laxman Vihar Chowk
127,DOWN,20,STOP_LAXMAN_VIHAR_ASHOK_VIHAR,Laxman Vihar Ashok Vihar
127,DOWN,21,STOP_GURUGRAM_RAILWAY_STATION,Gurugram Railway Station
127,DOWN,22,STOP_RAJENDRA_PARK,Rajendra Park
127,DOWN,23,STOP_DWARKA_EXP_CHOWK_B_DAULTABAD,Dwarka Exp Chowk B Daultabad
127,DOWN,24,STOP_NEW_PALAM_VIHAR_PHASE_III,New Palam Vihar Phase III
127,DOWN,25,STOP_DAULATABAD_VILLAGE,Daulatabad Village
127,DOWN,26,STOP_PLAZA_MALL,Plaza Mall
127,DOWN,27,STOP_DHARAMPUR_CHOWK,Dharampur Chowk
127,DOWN,28,STOP_DHARAMPUR_HDFC_BANK_SECTOR_108,Dharampur HDFC Bank / Sector- 108
127,DOWN,29,STOP_SHAHEED_BHAGAT_SINGH_SAMARAK_DHARAMPUR,Shaheed Bhagat Singh Samarak Dharampur
127,DOWN,30,STOP_SIGNUM_107_SECTOR_107,Signum 107 / Sector -107
115,UP,1,STOP_HUDA_CITY_CENTRE_METRO_STATION_B,Huda City Centre Metro Station (B)
115,UP,2,STOP_SECTOR_29_POLICE_STATION,Sector - 29 Police Station
115,UP,3,STOP_MILENNIUM_PLAZA,Milennium Plaza
115,UP,4,STOP_IFFCO_CHOWK_METRO_STATION,Iffco Chowk Metro Station
115,UP,5,STOP_IFFCO_CHOWK_A,Iffco Chowk (A)
115,UP,6,STOP_IFFCO_CHOWK_NH48,Iffco Chowk-NH48
115,UP,7,STOP_UDYOG_VIHAR_SECTOR_18C_NH_48,Udyog Vihar / Sector - 18C - NH 48
115,DOWN,1,STOP_UDYOG_VIHAR_SECTOR_18C_NH_48,Udyog Vihar / Sector - 18C - NH 48
115,DOWN,2,STOP_SHYAM_CHOWK,Shyam Chowk
115,DOWN,3,STOP_DLF_PHASE_II_BLOCK_M_NH48,DLF Phase - II (Block M) - NH48
115,DOWN,4,STOP_DLF_PHASE_II_BLOCK_L_NH48,DLF Phase - II (Block L) - NH48
115,DOWN,5,STOP_IFFCO_CHOWK,Iffco Chowk
115,DOWN,6,STOP_IFFCO_CHOWK_FOB_PLATINUM_TOWER,Iffco Chowk FOB / Platinum Tower
115,DOWN,7,STOP_IFFCO_CHOWK_METRO_STATION_B,Iffco Chowk Metro Station (B)
115,DOWN,8,STOP_SECTOR_29_POLICE_STATION,Sector - 29 Police Station
115,DOWN,9,STOP_HUDA_CITY_CENTRE_METRO_STATION_B,Huda City Centre Metro Station (B)
115,UP,1,STOP_UDYOG_VIHAR_SECTOR_18C_NH_48,Udyog Vihar / Sector - 18C - NH 48
115,UP,2,STOP_SHYAM_CHOWK,Shyam Chowk
115,UP,3,STOP_DLF_PHASE_II_BLOCK_M_NH48,DLF Phase - II (Block M) - NH48
115,UP,4,STOP_DLF_PHASE_II_BLOCK_L_NH48,DLF Phase - II (Block L) - NH48
115,UP,5,STOP_IFFCO_CHOWK,Iffco Chowk
115,UP,6,STOP_IFFCO_CHOWK_FOB_PLATINUM_TOWER,Iffco Chowk FOB / Platinum Tower
115,UP,7,STOP_IFFCO_CHOWK_METRO_STATION_B,Iffco Chowk Metro Station (B)
115,UP,8,STOP_SECTOR_29_POLICE_STATION,Sector - 29 Police Station
115,UP,9,STOP_HUDA_CITY_CENTRE_METRO_STATION_B,Huda City Centre Metro Station (B)
115,UP,10,STOP_FORTIS_MEMORIAL_RESEARCH_INSTITUTE_SEC_43,Fortis Memorial Research Institute/Sec-43
115,UP,11,STOP_SEC_43_SEC_44A,Sec-43/Sec-44A
115,UP,12,STOP_SEC_43_SEC_44B,Sec-43/Sec-44B
115,UP,13,STOP_SEC_43_SUSHANT_LOK_BLOCK_C_KANHAI_VILLAGE,Sec-43 Sushant Lok Block C/Kanhai Village
115,UP,14,STOP_ARDEE_CITY_WAZIRABAD,Ardee City/ Wazirabad
115,UP,15,STOP_AMBEDKAR_CHOWK_INDRA_COLONY,Ambedkar Chowk/ Indra Colony
115,UP,16,STOP_SAMASPUR_T_POINT,Samaspur T- Point
115,UP,17,STOP_MAYFIELD_GARDEN,Mayfield Garden
115,UP,18,STOP_GOOD_EARTH,Good Earth
115,UP,19,STOP_PARK_HOSPITAL,Park Hospital
115,UP,20,STOP_ECHS_SECTOR_49,ECHS Sector - 49
115,UP,21,STOP_SECTOR_48_49_SOUTH_CITY_II,"Sector - 48/49 , South City II"
115,UP,22,STOP_CD_CHOWK,CD Chowk
115,UP,23,STOP_VATIKA_BUSINESS_PARK,Vatika Business Park
115,UP,24,STOP_SHAHEED_UDHAM_SINGH_CHOWK,Shaheed Udham Singh Chowk
115,UP,25,STOP_TATA_PRIMANTI_SECTOR_SPAZE_PALAZO_69,Tata Primanti Sector/Spaze Palazo- 69
115,UP,26,STOP_POWER_GRID_SECTOR_69,Power Grid Sector- 69
115,UP,27,STOP_TULIP_CHOWK_SPAZE_CORPORATE_PARK_SECTOR_69,Tulip Chowk/ Spaze Corporate Park Sector- 69
115,UP,28,STOP_ELAN_MALL_SECTOR_69_70,Elan Mall Sector - 69 / 70
115,UP,29,STOP_SECTOR_69_70_CHOWK,Sector -69/70 Chowk
115,UP,30,STOP_PAREENA_MICASA_SECTOR_68,Pareena Micasa Sector - 68
115,DOWN,1,STOP_PAREENA_MICASA_SECTOR_68,Pareena Micasa Sector - 68
115,DOWN,2,STOP_SECTOR_69_70_CHOWK,Sector - 69/70 Chowk
115,DOWN,3,STOP_ELAN_MALL_SECTOR_69_70,Elan Mall Sector - 69 / 70
115,DOWN,4,STOP_TULIP_CHOWK_SPAZE_CORPORATE_PARK_SECTOR_69,Tulip Chowk/ Spaze Corporate Park Sector- 69
115,DOWN,5,STOP_POWER_GRID_SECTOR_69,Power Grid Sector- 69
115,DOWN,6,STOP_TATA_PRIMANTI_SECTOR_SPAZE_PALAZO_69,Tata Primanti Sector/Spaze Palazo- 69
115,DOWN,7,STOP_SHAHEED_UDHAM_SINGH_CHOWK,Shaheed Udham Singh Chowk
115,DOWN,8,STOP_VATIKA_BUSINESS_PARK,Vatika Business Park
115,DOWN,9,STOP_CD_CHOWK,CD Chowk
115,DOWN,10,STOP_SECTOR_48_49_SOUTH_CITY_II,"Sector - 48/49 , South City II"
115,DOWN,11,STOP_ECHS_SECTOR_49,ECHS Sector - 49
115,DOWN,12,STOP_PARK_HOSPITAL,Park Hospital
115,DOWN,13,STOP_GOOD_EARTH,Good Earth
115,DOWN,14,STOP_MAYFIELD_GARDEN,Mayfield Garden
115,DOWN,15,STOP_SAMASPUR_T_POINT,Samaspur T- Point
115,DOWN,16,STOP_AMBEDKAR_CHOWK_INDRA_COLONY,Ambedkar Chowk/ Indra Colony
115,DOWN,17,STOP_ARDEE_CITY_WAZIRABAD,Ardee City/ Wazirabad
115,DOWN,18,STOP_SEC_43_SUSHANT_LOK_BLOCK_C_KANHAI_VILLAGE,Sec-43 Sushant Lok Block C/Kanhai Village
115,DOWN,19,STOP_SEC_43_SEC_44B,Sec-43/Sec-44B
115,DOWN,20,STOP_SEC_43_SEC_44A,Sec-43/Sec-44A
115,DOWN,21,STOP_FORTIS_MEMORIAL_RESEARCH_INSTITUTE_SEC_43,Fortis Memorial Research Institute/Sec-43
115,DOWN,22,STOP_HUDA_CITY_CENTRE_METRO_STATION_B,Huda City Centre Metro Station (B)
222C,UP,1,STOP_GURUGRAM_BUS_STAND,Gurugram Bus Stand
222C,UP,2,STOP_SECTOR_12_CHOWK,Sector 12 Chowk
222C,UP,3,STOP_RAJEEV_NAGAR_CHOWK,Rajeev Nagar chowk
222C,UP,4,STOP_CRPF_CAMP_CHOWK,CRPF Camp Chowk
222C,UP,5,STOP_SHEETLA_MATA_MANDIR_A,Sheetla Mata Mandir (A)
222C,UP,6,STOP_SHEETLA_MATA_MANDIR_B,Sheetla Mata Mandir (B)
222C,UP,7,STOP_SECTOR_5_RAMLILA_GROUND,Sector - 5 Ramlila Ground
222C,UP,8,STOP_ASHOK_VIHAR_PHASE_2_PETROL_PUMP,Ashok Vihar Phase 2 Petrol Pump
222C,UP,9,STOP_ASHOK_VIHAR_PHASE_III_EXTENSION,Ashok Vihar Phase III Extension
222C,UP,10,STOP_PARK_VIEW_RESIDENCY,Park View Residency
222C,UP,11,STOP_PALAM_VIHAR_BLOCK_C1_ASHOK_VIHAR_PHASE_III_BLOCK_G_H_AND_J,"Palam Vihar Block C1/Ashok Vihar Phase III Block G,H and J"
222C,UP,12,STOP_KRISHNA_CHOWK_PALAM_VIHAR,Krishna Chowk Palam Vihar
222C,UP,13,STOP_DHARAM_COLONY,Dharam Colony
222C,UP,14,STOP_CARTERPURI_VILLAGE,Carterpuri Village
222C,UP,15,STOP_COLUMBIA_ASIA_HOSPITAL,Columbia Asia Hospital
222C,UP,16,STOP_COSMOS_EXECUTIVE_APARTMENT,Cosmos Executive Apartment
222C,UP,17,STOP_RAM_MANDIR_PALAM_VIHAR,Ram Mandir Palam Vihar
222C,DOWN,1,STOP_RAM_MANDIR_PALAM_VIHAR,Ram Mandir Palam Vihar
222C,DOWN,2,STOP_COSMOS_EXECUTIVE_APARTMENT,Cosmos Executive Apartment
222C,DOWN,3,STOP_COLUMBIA_ASIA_HOSPITAL,Columbia Asia Hospital
222C,DOWN,4,STOP_CARTERPURI_VILLAGE,Carterpuri Village
222C,DOWN,5,STOP_DHARAM_COLONY,Dharam Colony
222C,DOWN,6,STOP_KRISHNA_CHOWK_PALAM_VIHAR,Krishna Chowk Palam Vihar
222C,DOWN,7,STOP_PALAM_VIHAR_BLOCK_C1_ASHOK_VIHAR_PHASE_III_BLOCK_G_H_AND_J,"Palam Vihar Block C1/Ashok Vihar Phase III Block G,H and J"
222C,DOWN,8,STOP_PARK_VIEW_RESIDENCY,Park View Residency
222C,DOWN,9,STOP_ASHOK_VIHAR_PHASE_III_EXTENSION,Ashok Vihar Phase III Extension
222C,DOWN,10,STOP_ASHOK_VIHAR_PHASE_2_PETROL_PUMP,Ashok Vihar Phase 2 Petrol Pump
222C,DOWN,11,STOP_SECTOR_5_RAMLILA_GROUND,Sector - 5 Ramlila Ground
222C,DOWN,12,STOP_SHEETLA_MATA_MANDIR_B,Sheetla Mata Mandir (B)
222C,DOWN,13,STOP_SHEETLA_MATA_MANDIR_A,Sheetla Mata Mandir (A)
222C,DOWN,14,STOP_CRPF_CAMP_CHOWK,CRPF Camp Chowk
222C,DOWN,15,STOP_RAJEEV_NAGAR_CHOWK,Rajeev Nagar chowk
222C,DOWN,16,STOP_SECTOR_12_CHOWK,Sector 12 Chowk
222C,DOWN,17,STOP_GURUGRAM_BUS_STAND,Gurugram Bus Stand
116F,UP,1,STOP_GURUGRAM_RAILWAY_STATION,Gurugram Railway Station
116F,UP,2,STOP_LAXMAN_VIHAR_ASHOK_VIHAR,Laxman Vihar Ashok Vihar
116F,UP,3,STOP_SECTOR_5_LAXMAN_VIHAR_CHOWK,Sector - 5 Laxman Vihar Chowk
116F,UP,4,STOP_SECTOR_4_5,Sector - 4/5
116F,UP,5,STOP_SECTOR_4_7_OLD_RAILWAY_ROAD,Sector - 4/7 Old Railway Road
116F,UP,6,STOP_BHIM_NAGAR_CHOWK,Bhim Nagar Chowk
116F,UP,7,STOP_JACOBPURA_MIYAN_WALI_COLONY,Jacobpura Miyan Wali Colony
116F,UP,8,STOP_JACOBPURA_LAJPAT_NAGAR,Jacobpura Lajpat Nagar
116F,UP,9,STOP_MAHAVEER_CHOWK_GAUSHALA_GROUND,Mahaveer Chowk Gaushala Ground
116F,UP,10,STOP_PATEL_NAGAR_VYAPAR_KENDRA,Patel Nagar Vyapar Kendra
116F,UP,11,STOP_GOVT_GIRLS_COLLEGE_ANAMIKA_ENCLAVE,Govt Girls College Anamika Enclave
116F,UP,12,STOP_ITI_COLONY_OLD_DLF,ITI Colony Old DLF
116F,UP,13,STOP_CANAL_COLONY,Canal Colony
116F,UP,14,STOP_SECTOR_14_IDC,Sector - 14 / IDC
116F,UP,15,STOP_SUKHRALI_SEC_17_C,Sukhrali/Sec 17 C
116F,UP,16,STOP_IFFCO_CHOWK,Iffco Chowk
116F,UP,17,STOP_IFFCO_CHOWK_FOB_PLATINUM_TOWER,Iffco Chowk FOB / Platinum Tower
116F,UP,18,STOP_IFFCO_CHOWK_METRO_STATION_B,Iffco Chowk Metro Station (B)
116F,UP,19,STOP_SECTOR_29_POLICE_STATION,Sector - 29 Police Station
116F,UP,20,STOP_HUDA_CITY_CENTRE_METRO_STATION_B,Huda City Centre Metro Station (B)
116F,UP,21,STOP_FORTIS_MEMORIAL_RESEARCH_INSTITUTE_SEC_43,Fortis Memorial Research Institute/Sec-43
116F,UP,22,STOP_SEC_43_SEC_44A,Sec-43/Sec-44A
116F,UP,23,STOP_SEC_43_SEC_44B,Sec-43/Sec-44B
116F,UP,24,STOP_SEC_43_SUSHANT_LOK_BLOCK_C_KANHAI_VILLAGE,Sec-43 Sushant Lok Block C/Kanhai Village
116F,UP,25,STOP_ARDEE_CITY_SECTOR_52_53,Ardee City Sector- 52-53
116F,UP,26,STOP_HOUSING_BOARD_COLONY_SEC_52_53,Housing Board Colony Sec 52-53
116F,UP,27,STOP_WAZIRABAD,Wazirabad
116F,UP,28,STOP_AVIATION_HEIGHTS,Aviation Heights
116F,UP,29,STOP_TAU_DEVILAL_BIODIVERSITY_PARK,Tau Devilal Biodiversity Park
116F,UP,30,STOP_DEVINDER_VIHAR_SECTOR_56,"Devinder Vihar, Sector - 56"
116F,UP,31,STOP_SUSHANT_LOK_III_SEC_56_57,Sushant Lok III - Sec 56/57
116F,UP,32,STOP_HONG_KONG_BAZAAR,Hong Kong Bazaar
116F,UP,33,STOP_RAJESH_PILOT_GURJAR_CHOWK,Rajesh Pilot Gurjar Chowk
116F,UP,34,STOP_PIONEER_PARK_SECTOR_61,Pioneer Park /Sector 61
116F,UP,35,STOP_ULLAHAWAS_VILLAGE_HBR_CHOWK,Ullahawas Village/ HBR Chowk
116F,UP,36,STOP_ULLAHAWAS_VILLAGE_SECTOR_60_63,Ullahawas Village/ Sector-60/63
116F,UP,37,STOP_PARAS_TRINITY_SECTOR_63_60,"Paras Trinity, Sector - 63 / 60"
116F,UP,38,STOP_KADARPUR_T_POINT,Kadarpur T-Point
116F,UP,39,STOP_PTC_KADARPUR,PTC Kadarpur
116F,UP,40,STOP_CRPF_CAMP_KADARPUR_GATE_NO_2,CRPF Camp Kadarpur Gate No. 2
116F,DOWN,1,STOP_CRPF_CAMP_KADARPUR_GATE_NO_2,CRPF Camp Kadarpur Gate No. 2
116F,DOWN,2,STOP_PTC_KADARPUR,PTC Kadarpur
116F,DOWN,3,STOP_KADARPUR_T_POINT,Kadarpur T-Point
116F,DOWN,4,STOP_PARAS_TRINITY_SECTOR_63_60,"Paras Trinity, Sector - 63 / 60"
116F,DOWN,5,STOP_ULLAHAWAS_VILLAGE_SECTOR_60_63,Ullahawas Village/ Sector-60/63
116F,DOWN,6,STOP_ULLAHAWAS_VILLAGE_HBR_CHOWK,Ullahawas Village/ HBR Chowk
116F,DOWN,7,STOP_PIONEER_PARK_SECTOR_61,Pioneer Park /Sector 61
116F,DOWN,8,STOP_RAJESH_PILOT_GURJAR_CHOWK,Rajesh Pilot Gurjar Chowk
116F,DOWN,9,STOP_HONG_KONG_BAZAAR,Hong Kong Bazaar
116F,DOWN,10,STOP_SUSHANT_LOK_III_SEC_56_57,Sushant Lok III - Sec 56/57
116F,DOWN,11,STOP_DEVINDER_VIHAR_SECTOR_56,"Devinder Vihar, Sector - 56"
116F,DOWN,12,STOP_TAU_DEVILAL_BIODIVERSITY_PARK,Tau Devilal Biodiversity Park
116F,DOWN,13,STOP_AVIATION_HEIGHTS,Aviation Heights
116F,DOWN,14,STOP_WAZIRABAD,Wazirabad
116F,DOWN,15,STOP_HOUSING_BOARD_COLONY_SEC_52_53,Housing Board Colony Sec 52-53
116F,DOWN,16,STOP_ARDEE_CITY_SECTOR_52_53,Ardee City Sector- 52-53
116F,DOWN,17,STOP_SEC_43_SUSHANT_LOK_BLOCK_C_KANHAI_VILLAGE,Sec-43 Sushant Lok Block C/Kanhai Village
116F,DOWN,18,STOP_SEC_43_SEC_44B,Sec-43/Sec-44B
116F,DOWN,19,STOP_SEC_43_SEC_44A,Sec-43/Sec-44A
116F,DOWN,20,STOP_FORTIS_MEMORIAL_RESEARCH_INSTITUTE_SEC_43,Fortis Memorial Research Institute/Sec-43
116F,DOWN,21,STOP_HUDA_CITY_CENTRE_METRO_STATION_B,Huda City Centre Metro Station (B)
116F,DOWN,22,STOP_SECTOR_29_POLICE_STATION,Sector - 29 Police Station
116F,DOWN,23,STOP_MILENNIUM_PLAZA,Milennium Plaza
116F,DOWN,24,STOP_IFFCO_CHOWK_METRO_STATION,Iffco Chowk Metro Station
116F,DOWN,25,STOP_IFFCO_CHOWK_A,Iffco Chowk (A)
116F,DOWN,26,STOP_SUKHRALI_SEC_17_C,Sukhrali/Sec 17 C
116F,DOWN,27,STOP_SECTOR_14_IDC,Sector - 14 / IDC
116F,DOWN,28,STOP_CANAL_COLONY,Canal Colony
116F,DOWN,29,STOP_ITI_COLONY_OLD_DLF,ITI Colony Old DLF
116F,DOWN,30,STOP_GOVT_GIRLS_COLLEGE_ANAMIKA_ENCLAVE,Govt Girls College Anamika Enclave
116F,DOWN,31,STOP_PATEL_NAGAR_VYAPAR_KENDRA,Patel Nagar Vyapar Kendra
116F,DOWN,32,STOP_MAHAVEER_CHOWK_GAUSHALA_GROUND,Mahaveer Chowk Gaushala Ground
116F,DOWN,33,STOP_JACOBPURA_LAJPAT_NAGAR,Jacobpura Lajpat Nagar
116F,DOWN,34,STOP_JACOBPURA_MIYAN_WALI_COLONY,Jacobpura Miyan Wali Colony
116F,DOWN,35,STOP_BHIM_NAGAR_CHOWK,Bhim Nagar Chowk
116F,DOWN,36,STOP_SECTOR_4_7_OLD_RAILWAY_ROAD,Sector - 4/7 Old Railway Road
116F,DOWN,37,STOP_SECTOR_4_5,Sector - 4/5
116F,DOWN,38,STOP_SECTOR_5_LAXMAN_VIHAR_CHOWK,Sector - 5 Laxman Vihar Chowk
116F,DOWN,39,STOP_LAXMAN_VIHAR_ASHOK_VIHAR,Laxman Vihar Ashok Vihar
116F,DOWN,40,STOP_GURUGRAM_RAILWAY_STATION,Gurugram Railway Station
135B,UP,1,STOP_IFFCO_CHOWK_METRO_STATION,Iffco Chowk Metro Station
135B,UP,2,STOP_IFFCO_CHOWK_A,Iffco Chowk (A)
135B,UP,3,STOP_SIGNATURE_TOWER,Signature Tower
135B,UP,4,STOP_STAR_MALL_NH_48,Star Mall - NH 48
135B,UP,5,STOP_SECTOR_31_NH_48,Sector - 31 NH 48
135B,UP,6,STOP_RAJIV_CHOWK,Rajiv Chowk
135B,UP,7,STOP_RAJIV_COLONY_FOB,Rajiv Colony FOB
135B,UP,8,STOP_NAHARPUR_RUPA_VILLAGE_UNDERPASS_NH_48,Naharpur Rupa Village Underpass - NH 48
135B,UP,9,STOP_SECTOR_33_TRANSPORT_NAGAR,"Sector - 33 , Transport Nagar"
135B,UP,10,STOP_HERO_HONDA_CHOWK,Hero Honda Chowk
135B,UP,11,STOP_KHANDSA_VILLAGE_FOB,Khandsa Village FOB
135B,UP,12,STOP_HSIIDC_SECTOR_34_35,HSIIDC Sector - 34/35
135B,UP,13,STOP_NARSINGHPUR_FOB,Narsinghpur FOB
135B,UP,14,STOP_DLF_CORPORATE_GREENS,DLF Corporate Greens
135B,UP,15,STOP_KEHRKI_DAULA_VILLAGE_NH_48,Kehrki Daula Village NH - 48
135B,UP,16,STOP_NEXT_VATIKA_CHOWK,Next Vatika Chowk
135B,UP,17,STOP_TOWN_SQUARE_MALL_SECTOR_82,"Town Square Mall , Sector - 82"
135B,UP,18,STOP_GR_CHOWK,GR Chowk
135B,UP,19,STOP_SAPPHIRE_MALL_SECTOR_83,"Sapphire Mall , Sector - 83"
135B,UP,20,STOP_ANSALS_HUB_SECTOR_83,Ansals Hub Sector - 83
135B,UP,21,STOP_CASA_BELLA,Casa Bella
135B,UP,22,STOP_MAPSKO_PARADISE_SECTOR_83,"Mapsko Paradise , Sector - 83"
135B,UP,23,STOP_CIRCLE_3_SECTOR_83,"Circle - 3 , Sector - 83"
135B,UP,24,STOP_CIRCLE_4_RAO_JAI_SINGH_CHOWK,"Circle - 4 , Rao Jai Singh Chowk"
135B,UP,25,STOP_BADHA_VILLAGE_RELIANCE_MART,Badha Village / Reliance Mart
135B,UP,26,STOP_DADI_SATI_CHOWK,Dadi Sati Chowk
135B,UP,27,STOP_BADA_VILLAGE_SECTOR_86,"Bada Village , Sector - 86"
135B,UP,28,STOP_NTH_86_SECTOR_86,NTH - 86 / Sector - 86
135B,UP,29,STOP_SECTOR_86_CHOWK,Sector - 86 Chowk
135B,UP,30,STOP_NTH_90_SECTOR_90,NTH - 90 / Sector - 90
135B,UP,31,STOP_RAO_BHARAT_SCHOOL_SECTOR_91,"Rao Bharat School , Sector - 91"
135B,UP,32,STOP_NTH_91_SECTOR_91,NTH - 91 / Sector - 91
135B,UP,33,STOP_RAO_BHARAT_SCHOOL_SECTOR_91,"Rao Bharat School , Sector - 91"
135B,UP,34,STOP_YADUVANSHI_SCHOOL_SECTOR_92_93,"Yaduvanshi School , Sector - 92/93"
135B,UP,35,STOP_RAHEJA_HOUSING_SOCIETY_SECTOR_92_95,"Raheja Housing Society , Sector - 92/95"
135B,UP,36,STOP_ANSAL_HEIGHTS_AWHO_SECTOR_92,"Ansal Heights / AWHO , Sector - 92"
135B,UP,37,STOP_SARE_HOMES_SECTOR_92_95,"SARE Homes , Sector - 92/95"
135B,UP,38,STOP_DHORKA_VILLAGE,Dhorka Village
135B,DOWN,1,STOP_DHORKA_VILLAGE,Dhorka Village
135B,DOWN,2,STOP_SARE_HOMES_SECTOR_92_95,"SARE Homes , Sector - 92/95"
135B,DOWN,3,STOP_ANSAL_HEIGHTS_AWHO_SECTOR_92,"Ansal Heights / AWHO , Sector - 92"
135B,DOWN,4,STOP_RAHEJA_HOUSING_SOCIETY_SECTOR_92_95,"Raheja Housing Society , Sector - 92/95"
135B,DOWN,5,STOP_YADUVANSHI_SCHOOL_SECTOR_92_93,"Yaduvanshi School , Sector - 92/93"
135B,DOWN,6,STOP_RAO_BHARAT_SCHOOL_SECTOR_91,"Rao Bharat School , Sector - 91"
135B,DOWN,7,STOP_NTH_91_SECTOR_91,NTH - 91 / Sector - 91
135B,DOWN,8,STOP_RAO_BHARAT_SCHOOL_SECTOR_91,"Rao Bharat School , Sector - 91"
135B,DOWN,9,STOP_NTH_90_SECTOR_90,NTH - 90 / Sector - 90
135B,DOWN,10,STOP_SECTOR_86_CHOWK,Sector - 86 Chowk
135B,DOWN,11,STOP_NTH_86_SECTOR_86,NTH - 86 / Sector - 86
135B,DOWN,12,STOP_BADA_VILLAGE_SECTOR_86,"Bada Village , Sector - 86"
135B,DOWN,13,STOP_DADI_SATI_CHOWK,Dadi Sati Chowk
135B,DOWN,14,STOP_BADHA_VILLAGE_RELIANCE_MART,Badha Village / Reliance Mart
135B,DOWN,15,STOP_CIRCLE_4_RAO_JAI_SINGH_CHOWK,"Circle - 4 , Rao Jai Singh Chowk"
135B,DOWN,16,STOP_CIRCLE_3_SECTOR_83,"Circle - 3 , Sector - 83"
135B,DOWN,17,STOP_MAPSKO_PARADISE_SECTOR_83,"Mapsko Paradise , Sector - 83"
135B,DOWN,18,STOP_CASA_BELLA,Casa Bella
135B,DOWN,19,STOP_ANSALS_HUB_SECTOR_83,Ansals Hub Sector - 83
135B,DOWN,20,STOP_SAPPHIRE_MALL_SECTOR_83,"Sapphire Mall , Sector - 83"
135B,DOWN,21,STOP_GR_CHOWK,GR Chowk
135B,DOWN,22,STOP_TOWN_SQUARE_MALL_SECTOR_82,"Town Square Mall , Sector - 82"
135B,DOWN,23,STOP_NEXT_VATIKA_CHOWK,Next Vatika Chowk
135B,DOWN,24,STOP_KEHRKI_DAULA_VILLAGE_NH_48,Kehrki Daula Village NH - 48
135B,DOWN,25,STOP_DLF_CORPORATE_GREENS,DLF Corporate Greens
135B,DOWN,26,STOP_NARSINGHPUR_FOB,Narsinghpur FOB
135B,DOWN,27,STOP_HSIIDC_SECTOR_34_35,HSIIDC Sector - 34/35
135B,DOWN,28,STOP_KHANDSA_VILLAGE_FOB,Khandsa Village FOB
135B,DOWN,29,STOP_HERO_HONDA_CHOWK,Hero Honda Chowk
135B,DOWN,30,STOP_SECTOR_33_TRANSPORT_NAGAR,"Sector- 33 , Transport Nagar"
135B,DOWN,31,STOP_NAHARPUR_RUPA_VILLAGE_UNDERPASS_NH_48,Naharpur Rupa Village Underpass - NH 48
135B,DOWN,32,STOP_RAJIV_COLONY_FOB,Rajiv Colony FOB
135B,DOWN,33,STOP_RAJIV_CHOWK,Rajiv Chowk
135B,DOWN,34,STOP_SECTOR_15_PART_I_NH_48,Sector - 15 (Part - I) - NH 48
135B,DOWN,35,STOP_SECTOR_15_PART_II_NH_48_STAR_MALL,Sector - 15 (Part - II) - NH 48 / Star Mall
135B,DOWN,36,STOP_SIGNATURE_TOWER,Signature Tower
135B,DOWN,37,STOP_IFFCO_CHOWK,Iffco Chowk
135B,DOWN,38,STOP_IFFCO_CHOWK_FOB_PLATINUM_TOWER,Iffco Chowk FOB / Platinum Tower
135B,DOWN,39,STOP_IFFCO_CHOWK_METRO_STATION_B,Iffco Chowk Metro Station (B)
218,UP,1,STOP_GURUGRAM_BUS_STAND,Gurugram Bus Stand
218,UP,2,STOP_CIVIL_HOSPITAL,Civil Hospital
218,UP,3,STOP_KAMLA_NEHRU_PARK,Kamla Nehru Park
218,UP,4,STOP_COMMISSIONER_OF_POLICE_OFFICE_SCERT_HARYANA,Commissioner of Police Office /SCERT Haryana
218,UP,5,STOP_DISTRICT_SECRETARIAT_COURT_COMPLEX_B_AND_R_REST_HOUSE,District Secretariat Court Complex / B and R Rest House
218,UP,6,STOP_RAJIV_CHOWK,Rajiv Chowk
218,UP,7,STOP_TAU_DEVI_LAL_SPORTS_COMPLEX,Tau Devi Lal Sports Complex
218,UP,8,STOP_ISLAMPUR_VILLAGE,ISLAMPUR VILLAGE
218,UP,9,STOP_SUBHASH_CHOWK,Subhash Chowk
218,UP,10,STOP_MALIBU_TOWN,Malibu Town
218,UP,11,STOP_SECTOR_48_49_SOUTH_CITY_II,"Sector - 48/49 , South City II"
218,UP,12,STOP_CD_CHOWK,CD Chowk
218,UP,13,STOP_SHAHEED_UDHAM_SINGH_CHOWK,Shaheed Udham Singh Chowk
218,UP,14,STOP_BADSHAHPUR,Badshahpur
218,UP,15,STOP_POWER_COLONY_AIRIA_MALL_SECTOR_68,Power Colony / Airia Mall Sector - 68
218,UP,16,STOP_BHONDSI_JAIL_MODE,Bhondsi Jail Mode
218,UP,17,STOP_SECTOR_68_B_S_F_CAMP,Sector - 68 / B.S.F. Camp
218,UP,18,STOP_RAYAN_ENCLAVE_MOHAN_NAGAR,Rayan Enclave / Mohan Nagar
218,UP,19,STOP_MARUTI_KUNJ_MODE,Maruti Kunj Mode
218,UP,20,STOP_BHONDSI,Bhondsi
218,UP,21,STOP_BHONDSI_POLICE_CHOWKI,Bhondsi Police Chowki
218,UP,22,STOP_GHAMROJ,Ghamroj
218,UP,23,STOP_ALIPUR,Alipur
218,UP,24,STOP_DHUNELA,Dhunela
218,UP,25,STOP_BAND_COLONY_CHUNGI_NO_1,Band Colony/Chungi No. 1
218,UP,26,STOP_RAGHAV_VATIKA_CIVIL_HOSPITAL_DAMDAM_LAKE_MODE_CHILLED_POINT,Raghav Vatika/Civil Hospital/Damdam lake Mode/Chilled Point
218,UP,27,STOP_SOHNA_BUS_STAND,Sohna Bus Stand
218,DOWN,1,STOP_SOHNA_BUS_STAND,Sohna Bus Stand
218,DOWN,2,STOP_RAGHAV_VATIKA_CIVIL_HOSPITAL_DAMDAMA_LAKE_MODE_CHILLED_POINT,Raghav Vatika/Civil Hospital/Damdama Lake Mode/Chilled Point
218,DOWN,3,STOP_BAND_COLONY_CHUNGI_NO_1,Band Colony/Chungi No. 1
218,DOWN,4,STOP_DHUNELA,Dhunela
218,DOWN,5,STOP_ALIPUR,Alipur
218,DOWN,6,STOP_GHAMROJ,Ghamroj
218,DOWN,7,STOP_BHONDSI_POLICE_CHOWKI,Bhondsi Police Chowki
218,DOWN,8,STOP_BHONDSI,Bhondsi
218,DOWN,9,STOP_MARUTI_KUNJ_MODE,Maruti Kunj Mode
218,DOWN,10,STOP_RAYAN_ENCLAVE_MOHAN_NAGAR,Rayan Enclave / Mohan Nagar
218,DOWN,11,STOP_SECTOR_68_B_S_F_CAMP,Sector - 68 / B.S.F. Camp
218,DOWN,12,STOP_BHONDSI_JAIL_MODE,Bhondsi Jail Mode
218,DOWN,13,STOP_POWER_COLONY_AIRIA_MALL_SECTOR_68,Power Colony / Airia Mall Sector - 68
218,DOWN,14,STOP_BADSHAHPUR,Badshahpur
218,DOWN,15,STOP_SHAHEED_UDHAM_SINGH_CHOWK,Shaheed Udham Singh Chowk
218,DOWN,16,STOP_CD_CHOWK,CD Chowk
218,DOWN,17,STOP_SECTOR_48_49_SOUTH_CITY_II,"Sector - 48/49 , South City II"
218,DOWN,18,STOP_MALIBU_TOWN,Malibu Town
218,DOWN,19,STOP_SUBHASH_CHOWK,Subhash Chowk
218,DOWN,20,STOP_ISLAMPUR_VILLAGE,Islampur Village
218,DOWN,21,STOP_TAU_DEVI_LAL_SPORTS_COMPLEX,Tau Devi Lal Sports Complex
218,DOWN,22,STOP_RAJIV_CHOWK,Rajiv Chowk
218,DOWN,23,STOP_DISTRICT_SECRETARIAT_COURT_COMPLEX_B_AND_R_REST_HOUSE,District Secretariat Court Complex / B and R Rest House
218,DOWN,24,STOP_COMMISSIONER_OF_POLICE_OFFICE_SCERT_HARYANA,Commissioner of Police Office /SCERT Haryana
218,DOWN,25,STOP_KAMLA_NEHRU_PARK,Kamla Nehru Park
218,DOWN,26,STOP_CIVIL_HOSPITAL,Civil Hospital
218,DOWN,27,STOP_GURUGRAM_BUS_STAND,Gurugram Bus Stand
215B,UP,1,STOP_GURUGRAM_BUS_STAND,Gurugram Bus Stand
215B,UP,2,STOP_MAHAVEER_CHOWK_GAUSHALA_GROUND,Mahaveer Chowk Gaushala Ground
215B,UP,3,STOP_BSNL_EXCHANGE_SECTOR_12,BSNL Exchange Sector -12
215B,UP,4,STOP_KENDRIYA_VIDYALAYA,Kendriya Vidyalaya
215B,UP,5,STOP_SANJAY_GRAM_SECTOR_14,Sanjay Gram / Sector - 14
215B,UP,6,STOP_LT_ATUL_KATARIA_CHOWK_B,Lt. Atul Kataria Chowk (B)
215B,UP,7,STOP_AIRFORCE_STATION,Airforce Station
215B,UP,8,STOP_SECTOR_17_18_OLD_DELHI_ROAD,Sector - 17/18 Old Delhi Road
215B,UP,9,STOP_SECTOR_17_18_OLD_DELHI_ROAD_A,Sector - 17/18 Old Delhi Road (A)
215B,UP,10,STOP_SARHOL,Sarhol
215B,UP,11,STOP_MARUTI_UDYOG_GATE_2,Maruti Udyog Gate 2
215B,UP,12,STOP_MARUTI_UDYOG_GATE_1,Maruti Udyog Gate 1
215B,UP,13,STOP_GURGAON_ONE_APARTMENT,Gurgaon One Apartment
215B,UP,14,STOP_PALAM_VIHAR_CHOWK,Palam Vihar Chowk
215B,UP,15,STOP_SHREE_KRISHNA_CHOWK,Shree Krishna Chowk
215B,UP,16,STOP_CANDOR_IT_SEZ_SECTOR_22,Candor IT SEZ Sector -22
215B,UP,17,STOP_HANUMAN_MANDIR_DUNDAHERA,Hanuman Mandir Dundahera
215B,UP,18,STOP_DUNDAHERA,Dundahera
215B,DOWN,1,STOP_DUNDAHERA,Dundahera
215B,DOWN,2,STOP_HANUMAN_MANDIR_DUNDAHERA,Hanuman Mandir Dundahera
215B,DOWN,3,STOP_CANDOR_IT_SEZ_SECTOR_22,Candor IT SEZ Sector -22
215B,DOWN,4,STOP_SHREE_KRISHNA_CHOWK,Shree Krishna Chowk
215B,DOWN,5,STOP_PALAM_VIHAR_CHOWK,Palam Vihar Chowk
215B,DOWN,6,STOP_GURGAON_ONE_APARTMENT,Gurgaon One Apartment
215B,DOWN,7,STOP_MARUTI_UDYOG_GATE_1,Maruti Udyog Gate 1
215B,DOWN,8,STOP_MARUTI_UDYOG_GATE_2,Maruti Udyog Gate 2
215B,DOWN,9,STOP_SARHOL,Sarhol
215B,DOWN,10,STOP_SECTOR_17_18_OLD_DELHI_ROAD_A,Sector - 17/18 Old Delhi Road (A)
215B,DOWN,11,STOP_SECTOR_17_18_OLD_DELHI_ROAD,Sector - 17/18 Old Delhi Road
215B,DOWN,12,STOP_AIRFORCE_STATION,Airforce Station
215B,DOWN,13,STOP_LT_ATUL_KATARIA_CHOWK_B,Lt. Atul Kataria Chowk (B)
215B,DOWN,14,STOP_SANJAY_GRAM_SECTOR_14,Sanjay Gram / Sector - 14
215B,DOWN,15,STOP_KENDRIYA_VIDYALAYA,Kendriya Vidyalaya
215B,DOWN,16,STOP_BSNL_EXCHANGE_SECTOR_12,BSNL Exchange Sector -12
215B,DOWN,17,STOP_MAHAVEER_CHOWK_GAUSHALA_GROUND,Mahaveer Chowk Gaushala Ground
215B,DOWN,18,STOP_GURUGRAM_BUS_STAND,Gurugram Bus Stand
134B,UP,1,STOP_IFFCO_CHOWK_METRO_STATION,Iffco Chowk Metro Station
134B,UP,2,STOP_IFFCO_CHOWK_A,Iffco Chowk (A)
134B,UP,3,STOP_SIGNATURE_TOWER,Signature Tower
134B,UP,4,STOP_STAR_MALL_NH_48,Star Mall - NH 48
134B,UP,5,STOP_SECTOR_31_NH_48,Sector - 31 NH 48
134B,UP,6,STOP_RAJIV_CHOWK,Rajiv Chowk
134B,UP,7,STOP_RAJIV_COLONY_FOB,Rajiv Colony FOB
134B,UP,8,STOP_NAHARPUR_RUPA_VILLAGE_UNDERPASS_NH_48,Naharpur Rupa Village Underpass - NH 48
134B,UP,9,STOP_SECTOR_33_TRANSPORT_NAGAR,"Sector - 33 , Transport Nagar"
134B,UP,10,STOP_HERO_HONDA_CHOWK,Hero Honda Chowk
134B,UP,11,STOP_KHANDSA_VILLAGE_FOB,Khandsa Village FOB
134B,UP,12,STOP_HSIIDC_SECTOR_34_35,HSIIDC Sector - 34/35
134B,UP,13,STOP_NARSINGHPUR_FOB,Narsinghpur FOB
134B,UP,14,STOP_DLF_CORPORATE_GREENS,DLF Corporate Greens
134B,UP,15,STOP_KEHRKI_DAULA_VILLAGE_NH_48,Kehrki Daula Village NH - 48
134B,UP,16,STOP_NEXT_VATIKA_CHOWK,Next Vatika Chowk
134B,UP,17,STOP_RAMPURA_CHOWK,Rampura Chowk
134B,UP,18,STOP_RESIDENTIAL_SECTOR_1_IMT_MANESAR,Residential Sector - 1 / IMT Manesar
134B,UP,19,STOP_IMT_CHOWK_TAU_DEVI_LAL_PARK,IMT Chowk / Tau Devi Lal Park
134B,UP,20,STOP_HSIIDC_OFFICE_COMPLEX,HSIIDC OFFICE COMPLEX
134B,UP,21,STOP_NAHARPUR_MODE_T_POINT,Naharpur Mode T Point
134B,UP,22,STOP_LABOUR_CHOWK,Labour Chowk
134B,UP,23,STOP_BASKUSHLA,Baskushla
134B,UP,24,STOP_MARUTI_CIRCLE,Maruti Circle
134B,UP,25,STOP_ALIYAR_BANS_CHOWK,Aliyar Bans Chowk
134B,UP,26,STOP_MARUTI_GATE_NO_2,Maruti Gate No. 2
134B,UP,27,STOP_MARUTI_GATE_NO_4,Maruti Gate No. 4
134B,UP,28,STOP_DHANA_MODE,Dhana Mode
134B,DOWN,1,STOP_DHANA_MODE,Dhana Mode
134B,DOWN,2,STOP_MARUTI_GATE_NO_4,Maruti Gate No. 4
134B,DOWN,3,STOP_MARUTI_GATE_NO_2,Maruti Gate No. 2
134B,DOWN,4,STOP_ALIYAR_BANS_CHOWK,Aliyar Bans Chowk
134B,DOWN,5,STOP_MARUTI_CIRCLE,Maruti Circle
134B,DOWN,6,STOP_BASKUSHLA,Baskushla
134B,DOWN,7,STOP_LABOUR_CHOWK,Labour Chowk
134B,DOWN,8,STOP_NAHARPUR_MODE_T_POINT,Naharpur Mode T Point
134B,DOWN,9,STOP_HSIIDC_OFFICE_COMPLEX,HSIIDC OFFICE COMPLEX
134B,DOWN,10,STOP_IMT_CHOWK_TAU_DEVI_LAL_PARK,IMT Chowk / Tau Devi Lal Park
134B,DOWN,11,STOP_RESIDENTIAL_SECTOR_1_IMT_MANESAR,Residential Sector - 1 / IMT Manesar
134B,DOWN,12,STOP_RAMPURA_CHOWK,Rampura Chowk
134B,DOWN,13,STOP_NEXT_VATIKA_CHOWK,Next Vatika Chowk
134B,DOWN,14,STOP_KEHRKI_DAULA_VILLAGE_NH_48,Kehrki Daula Village NH - 48
134B,DOWN,15,STOP_DLF_CORPORATE_GREENS,DLF Corporate Greens
134B,DOWN,16,STOP_NARSINGHPUR_FOB,Narsinghpur FOB
134B,DOWN,17,STOP_HSIIDC_SECTOR_34_35,HSIIDC Sector - 34/35
134B,DOWN,18,STOP_KHANDSA_VILLAGE_FOB,Khandsa Village FOB
134B,DOWN,19,STOP_HERO_HONDA_CHOWK,Hero Honda Chowk
134B,DOWN,20,STOP_SECTOR_33_TRANSPORT_NAGAR,"Sector- 33 , Transport Nagar"
134B,DOWN,21,STOP_NAHARPUR_RUPA_VILLAGE_UNDERPASS_NH_48,Naharpur Rupa Village Underpass - NH 48
134B,DOWN,22,STOP_RAJIV_COLONY_FOB,Rajiv Colony FOB
134B,DOWN,23,STOP_RAJIV_CHOWK,Rajiv Chowk
134B,DOWN,24,STOP_SECTOR_15_PART_I_NH_48,Sector - 15 (Part - I) - NH 48
134B,DOWN,25,STOP_SECTOR_15_PART_II_NH_48_STAR_MALL,Sector - 15 (Part - II) - NH 48 / Star Mall
134B,DOWN,26,STOP_SIGNATURE_TOWER,Signature Tower
134B,DOWN,27,STOP_IFFCO_CHOWK,Iffco Chowk
134B,DOWN,28,STOP_IFFCO_CHOWK_FOB_PLATINUM_TOWER,Iffco Chowk FOB / Platinum Tower
134B,DOWN,29,STOP_IFFCO_CHOWK_METRO_STATION_B,Iffco Chowk Metro Station (B)
111A,UP,1,STOP_FORTIS_MEMORIAL_RESEARCH_INSTITUTE_B_HUDA_CITY_CENTRE,Fortis Memorial Research Institute (B)-Huda City Centre
111A,UP,2,STOP_SECTOR_44,Sector - 44
111A,UP,3,STOP_SECTOR_45_SOUTH_CITY_I,Sector - 45 South City - I
111A,UP,4,STOP_SECTOR_39_45,Sector - 39/45
111A,UP,5,STOP_UNITECH_CYBER_PARK_B,Unitech Cyber Park (B)
111A,UP,6,STOP_SECTOR_46,Sector - 46
111A,UP,7,STOP_BAKHTAWAR_CHOWK_A,Bakhtawar Chowk (A)
111A,UP,8,STOP_SECTOR_38,Sector - 38
111A,UP,9,STOP_SECTOR_38_47_B,Sector - 38/47 (B)
111A,UP,10,STOP_SECTOR_38_47_A,Sector - 38/47 (A)
111A,UP,11,STOP_SUBHASH_CHOWK,Subhash Chowk
111A,UP,12,STOP_CENTRAL_PARK_2,Central Park 2
111A,UP,13,STOP_SECTOR_48_SEZ,Sector - 48 SEZ
111A,UP,14,STOP_SECTOR_33_34_MARBLE_MARKET,Sector - 33/34 Marble Market
111A,UP,15,STOP_SECTOR_34_NAGAR_NIGAM,Sector - 34 Nagar Nigam
111A,UP,16,STOP_HERO_HONDA,Hero Honda
111A,UP,17,STOP_HERO_HONDA_CHOWK,Hero Honda Chowk
111A,DOWN,1,STOP_HERO_HONDA_CHOWK,Hero Honda Chowk
111A,DOWN,2,STOP_HERO_HONDA,Hero Honda
111A,DOWN,3,STOP_SECTOR_34_NAGAR_NIGAM,Sector - 34 Nagar Nigam
111A,DOWN,4,STOP_SECTOR_33_34_MARBLE_MARKET,Sector - 33/34 Marble Market
111A,DOWN,5,STOP_SECTOR_48_SEZ,Sector - 48 SEZ
111A,DOWN,6,STOP_CENTRAL_PARK_2,Central Park 2
111A,DOWN,7,STOP_SUBHASH_CHOWK,Subhash Chowk
111A,DOWN,8,STOP_SECTOR_38_47_A,Sector - 38/47 (A)
111A,DOWN,9,STOP_SECTOR_38_47_B,Sector - 38/47 (B)
111A,DOWN,10,STOP_SECTOR_38,Sector - 38
111A,DOWN,11,STOP_BAKHTAWAR_CHOWK_A,Bakhtawar Chowk (A)
111A,DOWN,12,STOP_BAKHTAWAR_CHOWK_B,Bakhtawar Chowk (B)
111A,DOWN,13,STOP_SECTOR_46,Sector - 46
111A,DOWN,14,STOP_UNITECH_CYBER_PARK_A,Unitech Cyber Park (A)
111A,DOWN,15,STOP_UNITECH_CYBER_PARK_B,Unitech Cyber Park (B)
111A,DOWN,16,STOP_SECTOR_39_45,Sector - 39/45
111A,DOWN,17,STOP_SECTOR_40,Sector - 40
111A,DOWN,18,STOP_SECTOR_45_SOUTH_CITY_I,Sector - 45 South City - I
111A,DOWN,19,STOP_SECTOR_44,Sector - 44
111A,DOWN,20,STOP_FORTIS_MEMORIAL_RESEARCH_INSTITUTE_A_HUDA_CITY_CENTRE,Fortis Memorial Research Institute (A)-Huda City Centre
111B,UP,1,STOP_HUDA_CITY_CENTRE_METRO_STATION_B,Huda City Centre Metro Station (B)
111B,UP,2,STOP_FORTIS_MEMORIAL_RESEARCH_INSTITUTE_SEC_43,Fortis Memorial Research Institute/Sec-43
111B,UP,3,STOP_SEC_43_SEC_44A,Sec-43/Sec-44A
111B,UP,4,STOP_SEC_43_SEC_44B,Sec-43/Sec-44B
111B,UP,5,STOP_SEC_43_SUSHANT_LOK_BLOCK_C_KANHAI_VILLAGE,Sec-43 Sushant Lok Block C/Kanhai Village
111B,UP,6,STOP_ARDEE_CITY_WAZIRABAD,Ardee City/ Wazirabad
111B,UP,7,STOP_AMBEDKAR_CHOWK_INDRA_COLONY,Ambedkar Chowk/ Indra Colony
111B,UP,8,STOP_SAMASPUR_T_POINT,Samaspur T- Point
111B,UP,9,STOP_MAYFIELD_GARDEN,Mayfield Garden
111B,UP,10,STOP_GOOD_EARTH,Good Earth
111B,UP,11,STOP_PARK_HOSPITAL,Park Hospital
111B,UP,12,STOP_ECHS_SECTOR_49,ECHS Sector - 49
111B,UP,13,STOP_SECTOR_48_49_SOUTH_CITY_II,"Sector - 48/49 , South City II"
111B,UP,14,STOP_CD_CHOWK,CD Chowk
111B,UP,15,STOP_VATIKA_BUSINESS_PARK,Vatika Business Park
111B,UP,16,STOP_SHAHEED_UDHAM_SINGH_CHOWK,Shaheed Udham Singh Chowk
111B,UP,17,STOP_BADSHAHPUR,Badshahpur
111B,UP,18,STOP_POWER_COLONY_AIRIA_MALL_SECTOR_68,Power Colony / Airia Mall Sector - 68
111B,UP,19,STOP_BHONDSI_JAIL_MODE,Bhondsi Jail Mode
111B,UP,20,STOP_SECTOR_68_B_S_F_CAMP,Sector - 68 / B.S.F. Camp
111B,UP,21,STOP_RAYAN_ENCLAVE_MOHAN_NAGAR,Rayan Enclave / Mohan Nagar
111B,UP,22,STOP_MARUTI_KUNJ_MODE,Maruti Kunj Mode
111B,UP,23,STOP_KIIT_MARUTI_KUNJ,KIIT Maruti Kunj
111B,UP,24,STOP_BHARAT_CHOWK_MARUTI_KUNJ,Bharat Chowk Maruti Kunj
111B,UP,25,STOP_MARUTI_KUNJ,Maruti Kunj
111B,DOWN,1,STOP_MARUTI_KUNJ,Maruti Kunj
111B,DOWN,2,STOP_BHARAT_CHOWK_MARUTI_KUNJ,Bharat Chowk Maruti Kunj
111B,DOWN,3,STOP_KIIT_MARUTI_KUNJ,KIIT Maruti Kunj
111B,DOWN,4,STOP_MARUTI_KUNJ_MODE,Maruti Kunj Mode
111B,DOWN,5,STOP_RAYAN_ENCLAVE_MOHAN_NAGAR,Rayan Enclave / Mohan Nagar
111B,DOWN,6,STOP_SECTOR_68_B_S_F_CAMP,Sector - 68 / B.S.F. Camp
111B,DOWN,7,STOP_BHONDSI_JAIL_MODE,Bhondsi Jail Mode
111B,DOWN,8,STOP_POWER_COLONY_AIRIA_MALL_SECTOR_68,Power Colony / Airia Mall Sector - 68
111B,DOWN,9,STOP_BADSHAHPUR,Badshahpur
111B,DOWN,10,STOP_SHAHEED_UDHAM_SINGH_CHOWK,Shaheed Udham Singh Chowk
111B,DOWN,11,STOP_VATIKA_BUSINESS_PARK,Vatika Business Park
111B,DOWN,12,STOP_CD_CHOWK,CD Chowk
111B,DOWN,13,STOP_SECTOR_48_49_SOUTH_CITY_II,"Sector - 48/49 , South City II"
111B,DOWN,14,STOP_ECHS_SECTOR_49,ECHS Sector - 49
111B,DOWN,15,STOP_PARK_HOSPITAL,Park Hospital
111B,DOWN,16,STOP_GOOD_EARTH,Good Earth
111B,DOWN,17,STOP_MAYFIELD_GARDEN,Mayfield Garden
111B,DOWN,18,STOP_SAMASPUR_T_POINT,Samaspur T- Point
111B,DOWN,19,STOP_AMBEDKAR_CHOWK_INDRA_COLONY,Ambedkar Chowk/ Indra Colony
111B,DOWN,20,STOP_ARDEE_CITY_WAZIRABAD,Ardee City/ Wazirabad
111B,DOWN,21,STOP_SEC_43_SUSHANT_LOK_BLOCK_C_KANHAI_VILLAGE,Sec-43 Sushant Lok Block C/Kanhai Village
111B,DOWN,22,STOP_SEC_43_SEC_44B,Sec-43/Sec-44B
111B,DOWN,23,STOP_SEC_43_SEC_44A,Sec-43/Sec-44A
111B,DOWN,24,STOP_FORTIS_MEMORIAL_RESEARCH_INSTITUTE_SEC_43,Fortis Memorial Research Institute/Sec-43
111B,DOWN,25,STOP_HUDA_CITY_CENTRE_METRO_STATION_B,Huda City Centre Metro Station (B)
133,UP,1,STOP_IFFCO_CHOWK_METRO_STATION,Iffco Chowk Metro Station
133,UP,2,STOP_IFFCO_CHOWK_A,Iffco Chowk (A)
133,UP,3,STOP_SIGNATURE_TOWER,Signature Tower
133,UP,4,STOP_STAR_MALL_NH_48,Star Mall - NH 48
133,UP,5,STOP_SECTOR_31_NH_48,Sector - 31 NH 48
133,UP,6,STOP_RAJIV_CHOWK,Rajiv Chowk
133,UP,7,STOP_RAJIV_COLONY_FOB,Rajiv Colony FOB
133,UP,8,STOP_NAHARPUR_RUPA_VILLAGE_UNDERPASS_NH_48,Naharpur Rupa Village Underpass - NH 48
133,UP,9,STOP_SECTOR_33_TRANSPORT_NAGAR,"Sector - 33 , Transport Nagar"
133,UP,10,STOP_HERO_HONDA_CHOWK,Hero Honda Chowk
133,UP,11,STOP_KHANDSA_VILLAGE_FOB,Khandsa Village FOB
133,UP,12,STOP_HSIIDC_SECTOR_34_35,HSIIDC Sector - 34/35
133,UP,13,STOP_NARSINGHPUR_FOB,Narsinghpur FOB
133,UP,14,STOP_DLF_CORPORATE_GREENS,DLF Corporate Greens
133,UP,15,STOP_KEHRKI_DAULA_VILLAGE_NH_48,Kehrki Daula Village NH - 48
133,UP,16,STOP_NEXT_VATIKA_CHOWK,Next Vatika Chowk
133,UP,17,STOP_RAMPURA_CHOWK,Rampura Chowk
133,UP,18,STOP_MONSOON_BREEZE_SECTOR_78,Monsoon Breeze Sector - 78
133,UP,19,STOP_NSG_GATE_NAURANGPUR_ROAD,"NSG Gate, Naurangpur Road"
133,UP,20,STOP_NAURANGPUR,Naurangpur
133,UP,21,STOP_POLICE_LINE_MANESAR,Police Line Manesar
133,DOWN,1,STOP_POLICE_LINE_MANESAR,Police Line Manesar
133,DOWN,2,STOP_NAURANGPUR,Naurangpur
133,DOWN,3,STOP_NSG_GATE_NAURANGPUR_ROAD,"NSG Gate, Naurangpur Road"
133,DOWN,4,STOP_MONSOON_BREEZE_SECTOR_78,Monsoon Breeze Sector - 78
133,DOWN,5,STOP_RAMPURA_CHOWK,Rampura Chowk
133,DOWN,6,STOP_NEXT_VATIKA_CHOWK,Next Vatika Chowk
133,DOWN,7,STOP_KEHRKI_DAULA_VILLAGE_NH_48,Kehrki Daula Village NH - 48
133,DOWN,8,STOP_DLF_CORPORATE_GREENS,DLF Corporate Greens
133,DOWN,9,STOP_NARSINGHPUR_FOB,Narsinghpur FOB
133,DOWN,10,STOP_HSIIDC_SECTOR_34_35,HSIIDC Sector - 34/35
133,DOWN,11,STOP_KHANDSA_VILLAGE_FOB,Khandsa Village FOB
133,DOWN,12,STOP_HERO_HONDA_CHOWK,Hero Honda Chowk
133,DOWN,13,STOP_SECTOR_33_TRANSPORT_NAGAR,"Sector- 33 , Transport Nagar"
133,DOWN,14,STOP_NAHARPUR_RUPA_VILLAGE_UNDERPASS_NH_48,Naharpur Rupa Village Underpass - NH 48
133,DOWN,15,STOP_RAJIV_COLONY_FOB,Rajiv Colony FOB
133,DOWN,16,STOP_RAJIV_CHOWK,Rajiv Chowk
133,DOWN,17,STOP_SECTOR_15_PART_I_NH_48,Sector - 15 (Part - I) - NH 48
133,DOWN,18,STOP_SECTOR_15_PART_II_NH_48_STAR_MALL,Sector - 15 (Part - II) - NH 48 / Star Mall
133,DOWN,19,STOP_SIGNATURE_TOWER,Signature Tower
133,DOWN,20,STOP_IFFCO_CHOWK,Iffco Chowk
133,DOWN,21,STOP_IFFCO_CHOWK_FOB_PLATINUM_TOWER,Iffco Chowk FOB / Platinum Tower
133,DOWN,22,STOP_IFFCO_CHOWK_METRO_STATION_B,Iffco Chowk Metro Station (B)
